date,manufacturer,model,base_frequency_hz,eff_max_resid_pct_span,eff_n,eff_r2,flags,head_max_resid_pct_span,head_n,head_r2,hydraulic_check_max_diff_pts,power_max_resid_pct_span,power_n,power_r2,status,workdir
2026-09-21,REDA,S8000N,60,0.799228799703688,774,0.9999703670504776,,0.27953306908854114,776,0.9999912340527782,1.6598611979047533,0.1453527431912669,776,0.99977356200679,ok,C:\Users\Rajan\OneDrive - Accutant Solutions LLC\Accutant RC\ConsultingToolset\ESP\Dataset\Raw PumpCurveImages\runs\SLB-001
2026-09-21,REDA,N1400A,60,0.41135983853747765,728,0.9999845469964478,,0.13791088655708478,716,0.9999777003652842,0.11754363337435336,0.10895061898798196,729,0.9999099033677822,ok,C:\Users\Rajan\OneDrive - Accutant Solutions LLC\Accutant RC\ConsultingToolset\ESP\Dataset\Raw PumpCurveImages\runs\SLB-008
2026-09-21,REDA,M675C,60,0.3300855633568346,774,0.9999911723592644,,0.1863809580298567,775,0.9999758565358126,0.13037461520706017,0.11261808842809459,778,0.9998865359912555,ok,C:\Users\Rajan\OneDrive - Accutant Solutions LLC\Accutant RC\ConsultingToolset\ESP\Dataset\Raw PumpCurveImages\runs\SLB-011
2026-09-21,REDA,M675B,60,0.4081849075304158,774,0.9999803288570456,,0.155877500136976,738,0.9999766142805736,0.1242422842741604,0.11347462537452131,776,0.9999406875550505,ok,C:\Users\Rajan\OneDrive - Accutant Solutions LLC\Accutant RC\ConsultingToolset\ESP\Dataset\Raw PumpCurveImages\runs\SLB-012
2026-09-21,REDA,M520C,60,0.3320908156973523,774,0.9999870836370298,,0.15109070267307986,736,0.9999792810822503,0.10763870385844854,0.11633630890786888,776,0.9993735662979853,ok,C:\Users\Rajan\OneDrive - Accutant Solutions LLC\Accutant RC\ConsultingToolset\ESP\Dataset\Raw PumpCurveImages\runs\SLB-014
2026-09-21,REDA,M520B,60,0.6057040894102055,774,0.9999803016323364,,0.19206741254919396,744,0.9999890039866748,0.9982800241499419,0.115315572426081,774,0.99909520688689,ok,C:\Users\Rajan\OneDrive - Accutant Solutions LLC\Accutant RC\ConsultingToolset\ESP\Dataset\Raw PumpCurveImages\runs\SLB-015
2026-09-21,REDA,JN16000,60,0.35095129206118136,726,0.9999843270169397,,0.20420006467188695,740,0.9999567872408371,0.4700710934742318,0.18698880472713533,746,0.9996404129195513,ok,C:\Users\Rajan\OneDrive - Accutant Solutions LLC\Accutant RC\ConsultingToolset\ESP\Dataset\Raw PumpCurveImages\runs\SLB-021
2026-09-21,REDA,J7000N,60,2.2812143029931553,758,0.9997183730575399,,0.16522592060091387,758,0.9999876114914539,0.558165039218224,0.12083687286685382,760,0.9998376109788623,ok,C:\Users\Rajan\OneDrive - Accutant Solutions LLC\Accutant RC\ConsultingToolset\ESP\Dataset\Raw PumpCurveImages\runs\SLB-024
2026-09-21,REDA,H28000N,60,0.21782556118825375,722,0.9999928571582968,,0.15498953047426683,724,0.9999631151789347,0.13503358867658477,0.11446141906108759,724,0.9999146263283701,ok,C:\Users\Rajan\OneDrive - Accutant Solutions LLC\Accutant RC\ConsultingToolset\ESP\Dataset\Raw PumpCurveImages\runs\SLB-025
2026-09-21,REDA,HN13500,60,1.8061591281813025,717,0.9995355363092983,,1.5003191655073265,717,0.9997263090397133,0.9161502962256876,0.24997362693503977,718,0.999647727165097,ok,C:\Users\Rajan\OneDrive - Accutant Solutions LLC\Accutant RC\ConsultingToolset\ESP\Dataset\Raw PumpCurveImages\runs\SLB-028
2026-09-21,REDA,GN10000,60,1.1225884606836118,622,0.99987189654434,,0.14832916862086137,609,0.9999860888557585,0.5282739958178766,0.10444754679866998,622,0.9993787419751817,ok,C:\Users\Rajan\OneDrive - Accutant Solutions LLC\Accutant RC\ConsultingToolset\ESP\Dataset\Raw PumpCurveImages\runs\SLB-029
2026-09-21,REDA,G6200N,60,1.3258487261148917,749,0.9998196715955837,,0.25462054424965114,740,0.9999668875323589,2.5684171457005434,0.12770716141097976,776,0.9994712577880323,ok,C:\Users\Rajan\OneDrive - Accutant Solutions LLC\Accutant RC\ConsultingToolset\ESP\Dataset\Raw PumpCurveImages\runs\SLB-030
2026-09-21,REDA,GN4000,60,0.43242330960950753,677,0.9999815360923191,,0.12926430179272463,678,0.9999924151146096,0.20289145135276954,0.10855588289119456,679,0.9997377805107044,ok,C:\Users\Rajan\OneDrive - Accutant Solutions LLC\Accutant RC\ConsultingToolset\ESP\Dataset\Raw PumpCurveImages\runs\SLB-032
2026-09-21,REDA,GN3200,60,0.38564644537760384,719,0.9999870440124924,,0.3512837228232245,718,0.9999929971910275,0.14465671506569322,0.1423694175756649,720,0.9998757985244738,ok,C:\Users\Rajan\OneDrive - Accutant Solutions LLC\Accutant RC\ConsultingToolset\ESP\Dataset\Raw PumpCurveImages\runs\SLB-033
2026-09-21,REDA,GN2100,60,1.1223395726304448,698,0.9998572969804548,,0.16817494143831077,729,0.9999919290709554,0.28726037444174324,0.11643884716955678,729,0.9998472169361466,ok,C:\Users\Rajan\OneDrive - Accutant Solutions LLC\Accutant RC\ConsultingToolset\ESP\Dataset\Raw PumpCurveImages\runs\SLB-034
2026-09-21,REDA,GN1600,60,1.446119068655296,730,0.9998391762025073,,0.3206936972239025,732,0.9999928183171333,0.30524035231083957,0.12917740087603807,731,0.999905907640346,ok,C:\Users\Rajan\OneDrive - Accutant Solutions LLC\Accutant RC\ConsultingToolset\ESP\Dataset\Raw PumpCurveImages\runs\SLB-035
2026-09-21,REDA,RC4000,60,0.4989919166392593,686,0.999977902146963,,0.1598621941407232,667,0.999992062264202,1.9241829108742294,0.11984802480289698,692,0.9998611454252735,ok,C:\Users\Rajan\OneDrive - Accutant Solutions LLC\Accutant RC\ConsultingToolset\ESP\Dataset\Raw PumpCurveImages\runs\SLB-036
2026-09-21,REDA,D5800N,60,0.5331249147628389,748,0.9999728488852985,,0.16674348187795324,716,0.9999787189287258,0.7234546749600099,0.10964067422907432,750,0.999951914055785,ok,C:\Users\Rajan\OneDrive - Accutant Solutions LLC\Accutant RC\ConsultingToolset\ESP\Dataset\Raw PumpCurveImages\runs\SLB-042
2026-09-21,REDA,D3500N,60,0.376706158393081,734,0.9999891053494178,,0.1362210741821693,736,0.9999965594879545,0.1497735948991945,0.10267342868860709,736,0.9999374955577637,ok,C:\Users\Rajan\OneDrive - Accutant Solutions LLC\Accutant RC\ConsultingToolset\ESP\Dataset\Raw PumpCurveImages\runs\SLB-043
2026-09-21,REDA,DN1800,60,0.7274455287293966,746,0.9999586765490794,,1.179992526575892,750,0.9996152011831266,1.0370063937252425,0.24546851672372125,750,0.9898863389341865,ok,C:\Users\Rajan\OneDrive - Accutant Solutions LLC\Accutant RC\ConsultingToolset\ESP\Dataset\Raw PumpCurveImages\runs\SLB-045
2026-09-21,REDA,D1050N,60,0.38380154213847795,581,0.9999874004818716,,0.19894247870215587,585,0.9999938365854234,0.8746563970696002,0.14938607585906663,585,0.9983731529395395,ok,C:\Users\Rajan\OneDrive - Accutant Solutions LLC\Accutant RC\ConsultingToolset\ESP\Dataset\Raw PumpCurveImages\runs\SLB-049
2026-09-21,REDA,AN2700,60,1.0265258594841185,772,0.9999499753822745,,0.12659824553350585,768,0.9999849263195477,0.47503305874190715,0.10789384435756796,773,0.9996241882911425,ok,C:\Users\Rajan\OneDrive - Accutant Solutions LLC\Accutant RC\ConsultingToolset\ESP\Dataset\Raw PumpCurveImages\runs\SLB-053
2026-09-21,REDA,AN900,60,0.5891594815894301,676,0.9998425233767635,,0.3020464561832563,676,0.9999774793813593,1.2347114890405884,0.14554408524185042,660,0.9931411571300752,ok,C:\Users\Rajan\OneDrive - Accutant Solutions LLC\Accutant RC\ConsultingToolset\ESP\Dataset\Raw PumpCurveImages\runs\SLB-056
2026-09-21,REDA,SN3600,60,0.9380595809557412,359,0.9999617809295095,eff: gap of 43% of flow range in extracted points,0.19420545695429087,563,0.9999751960619652,3.491246815910891,0.1693433543877697,569,0.9999185450917241,review,C:\Users\Rajan\OneDrive - Accutant Solutions LLC\Accutant RC\ConsultingToolset\ESP\Dataset\Raw PumpCurveImages\runs\SLB-000
2026-09-21,REDA,S8000N,60,0.799228799703688,774,0.9999703670504776,,0.27953306908854114,776,0.9999912340527782,1.6598611979047533,0.1453527431912669,776,0.99977356200679,ok,C:\Users\Rajan\OneDrive - Accutant Solutions LLC\Accutant RC\ConsultingToolset\ESP\Dataset\Raw PumpCurveImages\runs\SLB-001
2026-09-21,REDA,S6000N,60,1.9382437544707412,748,0.9997291131146827,axis calibration residual > 3 px: check tick assignments,0.925199458103183,772,0.9995802828809857,1.1644634130712674,0.18946128457113992,772,0.9993222725111601,review,C:\Users\Rajan\OneDrive - Accutant Solutions LLC\Accutant RC\ConsultingToolset\ESP\Dataset\Raw PumpCurveImages\runs\SLB-002
2026-09-21,REDA,S4000N,60,0.8637976959641669,359,0.9999487128745428,head: gap of 55% of flow range in extracted points; eff: gap of 15% of flow range in extracted points,0.17611838051460604,222,0.9999907326543794,4.310904269269969,0.1514990533579996,487,0.9997022385138341,review,C:\Users\Rajan\OneDrive - Accutant Solutions LLC\Accutant RC\ConsultingToolset\ESP\Dataset\Raw PumpCurveImages\runs\SLB-003
2026-09-21,REDA,SN3600,60,0.3164538744717871,747,0.9999920514033549,axis calibration residual > 3 px: check tick assignments,0.1687433029134277,702,0.9999898039521675,0.657560962992342,0.12137268213824884,749,0.9997913603386068,review,C:\Users\Rajan\OneDrive - Accutant Solutions LLC\Accutant RC\ConsultingToolset\ESP\Dataset\Raw PumpCurveImages\runs\SLB-004
2026-09-21,REDA,SN2600,60,2.949166015905445,756,0.9991176680802578,"eff: rmse 0.82% of axis span; eff: max residual 2.95% of axis span; eff: degree 6 would meet the residual limit (0.33% of span) -- extraction looks clean, 5th-degree form is limiting; axis calibration residual > 3 px: check tick assignments",1.3720473733358651,757,0.9996950321800424,0.509879999141269,0.3586588167125226,757,0.9997954801829075,review,C:\Users\Rajan\OneDrive - Accutant Solutions LLC\Accutant RC\ConsultingToolset\ESP\Dataset\Raw PumpCurveImages\runs\SLB-005
2026-09-21,REDA,P2050A,60,1.2564031013224077,730,0.999902349172786,axis calibration residual > 3 px: check tick assignments,0.8459956251450467,731,0.9995572002629362,1.0517647215399393,0.14768415043755445,730,0.9995170625039467,review,C:\Users\Rajan\OneDrive - Accutant Solutions LLC\Accutant RC\ConsultingToolset\ESP\Dataset\Raw PumpCurveImages\runs\SLB-006
2026-09-21,REDA,N1400B,60,1.1461694875665283,754,0.9999653512689827,axis calibration residual > 3 px: check tick assignments,0.13370654668647758,757,0.9999667175544668,0.9753099142157282,0.11416967895989234,756,0.9998821015491254,review,C:\Users\Rajan\OneDrive - Accutant Solutions LLC\Accutant RC\ConsultingToolset\ESP\Dataset\Raw PumpCurveImages\runs\SLB-007
2026-09-21,REDA,N1400A,60,0.41135983853747765,728,0.9999845469964478,,0.13791088655708478,716,0.9999777003652842,0.11754363337435336,0.10895061898798196,729,0.9999099033677822,ok,C:\Users\Rajan\OneDrive - Accutant Solutions LLC\Accutant RC\ConsultingToolset\ESP\Dataset\Raw PumpCurveImages\runs\SLB-008
2026-09-21,REDA,N1050B,60,0.7235447356207004,777,0.999967285822418,axis calibration residual > 3 px: check tick assignments,0.14172701826978118,725,0.9999933352453492,0.8155675267884774,0.12094136622749062,777,0.9995197719868811,review,C:\Users\Rajan\OneDrive - Accutant Solutions LLC\Accutant RC\ConsultingToolset\ESP\Dataset\Raw PumpCurveImages\runs\SLB-009
2026-09-21,REDA,N1050A,60,0.5752166776047466,773,0.9999639171258384,axis calibration residual > 3 px: check tick assignments,0.13601900618108176,772,0.9999789607267878,0.5346926183048168,0.12452955240078917,776,0.9998376633369438,review,C:\Users\Rajan\OneDrive - Accutant Solutions LLC\Accutant RC\ConsultingToolset\ESP\Dataset\Raw PumpCurveImages\runs\SLB-010
2026-09-21,REDA,M675C,60,0.3300855633568346,774,0.9999911723592644,,0.1863809580298567,775,0.9999758565358126,0.13037461520706017,0.11261808842809459,778,0.9998865359912555,ok,C:\Users\Rajan\OneDrive - Accutant Solutions LLC\Accutant RC\ConsultingToolset\ESP\Dataset\Raw PumpCurveImages\runs\SLB-011
2026-09-21,REDA,M675B,60,0.4081849075304158,774,0.9999803288570456,,0.155877500136976,738,0.9999766142805736,0.1242422842741604,0.11347462537452131,776,0.9999406875550505,ok,C:\Users\Rajan\OneDrive - Accutant Solutions LLC\Accutant RC\ConsultingToolset\ESP\Dataset\Raw PumpCurveImages\runs\SLB-012
2026-09-21,REDA,M675A,60,0.7401812173523654,753,0.9999416836327062,hydraulic check: Q*H/(135770*BHP) differs from digitized efficiency by up to 6.2 pts (axis assignment/units/SG?),0.14330814123145008,720,0.9999737005864334,6.1555206043504995,0.12115291643497182,776,0.9996947789071313,review,C:\Users\Rajan\OneDrive - Accutant Solutions LLC\Accutant RC\ConsultingToolset\ESP\Dataset\Raw PumpCurveImages\runs\SLB-013
2026-09-21,REDA,M520C,60,0.3320908156973523,774,0.9999870836370298,,0.15109070267307986,736,0.9999792810822503,0.10763870385844854,0.11633630890786888,776,0.9993735662979853,ok,C:\Users\Rajan\OneDrive - Accutant Solutions LLC\Accutant RC\ConsultingToolset\ESP\Dataset\Raw PumpCurveImages\runs\SLB-014
2026-09-21,REDA,M520B,60,0.6057040894102055,774,0.9999803016323364,,0.19206741254919396,744,0.9999890039866748,0.9982800241499419,0.115315572426081,774,0.99909520688689,ok,C:\Users\Rajan\OneDrive - Accutant Solutions LLC\Accutant RC\ConsultingToolset\ESP\Dataset\Raw PumpCurveImages\runs\SLB-015
2026-09-21,REDA,M520A,60,0.4559000397574224,716,0.9999806704032327,axis calibration residual > 3 px: check tick assignments,0.22825686214369023,715,0.9999850055849597,0.7351810846472944,0.14621735555288048,717,0.9997323203215099,review,C:\Users\Rajan\OneDrive - Accutant Solutions LLC\Accutant RC\ConsultingToolset\ESP\Dataset\Raw PumpCurveImages\runs\SLB-016
2026-09-21,REDA,L43000N,60,1.4291606183108045,709,0.9998312750012842,hydraulic check: Q*H/(135770*BHP) differs from digitized efficiency by up to 5.8 pts (axis assignment/units/SG?),0.22416103245732158,710,0.99997017922091,5.768376448308032,0.1303122990181583,711,0.999785776442841,review,C:\Users\Rajan\OneDrive - Accutant Solutions LLC\Accutant RC\ConsultingToolset\ESP\Dataset\Raw PumpCurveImages\runs\SLB-017
2026-09-21,REDA,L16000N,60,0.5805604681689082,760,0.999967143026311,axis calibration residual > 3 px: check tick assignments,0.128388516942714,728,0.9999830984236866,1.904516935794497,0.12257104169042149,764,0.9998138200200857,review,C:\Users\Rajan\OneDrive - Accutant Solutions LLC\Accutant RC\ConsultingToolset\ESP\Dataset\Raw PumpCurveImages\runs\SLB-019
2026-09-21,REDA,JN21000,60,4.271773947502042,756,0.9989543450029681,"eff: rmse 0.85% of axis span; eff: max residual 4.27% of axis span; eff: degree 6 would meet the residual limit (1.56% of span) -- extraction looks clean, 5th-degree form is limiting",0.7961997374999861,756,0.9996188712121183,0.47404445641301507,0.15458818516517583,759,0.9993777603750182,review,C:\Users\Rajan\OneDrive - Accutant Solutions LLC\Accutant RC\ConsultingToolset\ESP\Dataset\Raw PumpCurveImages\runs\SLB-020
2026-09-21,REDA,JN16000,60,0.35095129206118136,726,0.9999843270169397,,0.20420006467188695,740,0.9999567872408371,0.4700710934742318,0.18698880472713533,746,0.9996404129195513,ok,C:\Users\Rajan\OneDrive - Accutant Solutions LLC\Accutant RC\ConsultingToolset\ESP\Dataset\Raw PumpCurveImages\runs\SLB-021
2026-09-21,REDA,J12000N,60,0.9584241737953987,713,0.9999583335452052,axis calibration residual > 3 px: check tick assignments,0.16581797145671037,713,0.9999866110801194,1.8243284292823745,0.12706960883580948,713,0.9999251976719024,review,C:\Users\Rajan\OneDrive - Accutant Solutions LLC\Accutant RC\ConsultingToolset\ESP\Dataset\Raw PumpCurveImages\runs\SLB-022
2026-09-21,REDA,JN8500,60,0.7628365841991073,577,0.9999564724595328,head: gap of 12% of flow range in extracted points,0.16458638448512586,485,0.999982713706907,0.24925409192875492,0.1480079045363717,572,0.9997411559094921,review,C:\Users\Rajan\OneDrive - Accutant Solutions LLC\Accutant RC\ConsultingToolset\ESP\Dataset\Raw PumpCurveImages\runs\SLB-023
2026-09-21,REDA,J7000N,60,2.2812143029931553,758,0.9997183730575399,,0.16522592060091387,758,0.9999876114914539,0.558165039218224,0.12083687286685382,760,0.9998376109788623,ok,C:\Users\Rajan\OneDrive - Accutant Solutions LLC\Accutant RC\ConsultingToolset\ESP\Dataset\Raw PumpCurveImages\runs\SLB-024
2026-09-21,REDA,H28000N,60,0.21782556118825375,722,0.9999928571582968,,0.15498953047426683,724,0.9999631151789347,0.13503358867658477,0.11446141906108759,724,0.9999146263283701,ok,C:\Users\Rajan\OneDrive - Accutant Solutions LLC\Accutant RC\ConsultingToolset\ESP\Dataset\Raw PumpCurveImages\runs\SLB-025
2026-09-21,REDA,H22500N,60,0.4423319960207,656,0.9999250323543422,hydraulic check: Q*H/(135770*BHP) differs from digitized efficiency by up to 336.5 pts (axis assignment/units/SG?),1.0171158360094206,711,0.9992238172428997,336.4582252575735,0.12186309164679299,711,0.9999336107690866,review,C:\Users\Rajan\OneDrive - Accutant Solutions LLC\Accutant RC\ConsultingToolset\ESP\Dataset\Raw PumpCurveImages\runs\SLB-026
2026-09-21,REDA,H15500N,60,4.1375285563408175,768,0.9989242054856398,"eff: rmse 0.79% of axis span; eff: max residual 4.14% of axis span; eff: degree 7 would meet the residual limit (0.58% of span) -- extraction looks clean, 5th-degree form is limiting",2.2748163155212,746,0.9991362730488579,4.806594500618715,0.11978844013446432,771,0.9998265286815422,review,C:\Users\Rajan\OneDrive - Accutant Solutions LLC\Accutant RC\ConsultingToolset\ESP\Dataset\Raw PumpCurveImages\runs\SLB-027
2026-09-21,REDA,HN13500,60,1.8061591281813025,717,0.9995355363092983,,1.5003191655073265,717,0.9997263090397133,0.9161502962256876,0.24997362693503977,718,0.999647727165097,ok,C:\Users\Rajan\OneDrive - Accutant Solutions LLC\Accutant RC\ConsultingToolset\ESP\Dataset\Raw PumpCurveImages\runs\SLB-028
2026-09-21,REDA,GN10000,60,1.1225884606836118,622,0.99987189654434,,0.14832916862086137,609,0.9999860888557585,0.5282739958178766,0.10444754679866998,622,0.9993787419751817,ok,C:\Users\Rajan\OneDrive - Accutant Solutions LLC\Accutant RC\ConsultingToolset\ESP\Dataset\Raw PumpCurveImages\runs\SLB-029
2026-09-21,REDA,G6200N,60,1.3258487261148917,749,0.9998196715955837,,0.25462054424965114,740,0.9999668875323589,2.5684171457005434,0.12770716141097976,776,0.9994712577880323,ok,C:\Users\Rajan\OneDrive - Accutant Solutions LLC\Accutant RC\ConsultingToolset\ESP\Dataset\Raw PumpCurveImages\runs\SLB-030
2026-09-21,REDA,GN5200,60,1.51187441618259,695,0.9998001459332321,axis calibration residual > 3 px: check tick assignments,0.1772727613284402,696,0.9999916747061984,0.592932966703728,0.11357508360701014,698,0.9993711422948295,review,C:\Users\Rajan\OneDrive - Accutant Solutions LLC\Accutant RC\ConsultingToolset\ESP\Dataset\Raw PumpCurveImages\runs\SLB-031
2026-09-21,REDA,GN4000,60,0.43242330960950753,677,0.9999815360923191,,0.12926430179272463,678,0.9999924151146096,0.20289145135276954,0.10855588289119456,679,0.9997377805107044,ok,C:\Users\Rajan\OneDrive - Accutant Solutions LLC\Accutant RC\ConsultingToolset\ESP\Dataset\Raw PumpCurveImages\runs\SLB-032
2026-09-21,REDA,GN3200,60,0.38564644537760384,719,0.9999870440124924,,0.3512837228232245,718,0.9999929971910275,0.14465671506569322,0.1423694175756649,720,0.9998757985244738,ok,C:\Users\Rajan\OneDrive - Accutant Solutions LLC\Accutant RC\ConsultingToolset\ESP\Dataset\Raw PumpCurveImages\runs\SLB-033
2026-09-21,REDA,GN2100,60,1.1223395726304448,698,0.9998572969804548,,0.16817494143831077,729,0.9999919290709554,0.28726037444174324,0.11643884716955678,729,0.9998472169361466,ok,C:\Users\Rajan\OneDrive - Accutant Solutions LLC\Accutant RC\ConsultingToolset\ESP\Dataset\Raw PumpCurveImages\runs\SLB-034
2026-09-21,REDA,GN1600,60,1.446119068655296,730,0.9998391762025073,,0.3206936972239025,732,0.9999928183171333,0.30524035231083957,0.12917740087603807,731,0.999905907640346,ok,C:\Users\Rajan\OneDrive - Accutant Solutions LLC\Accutant RC\ConsultingToolset\ESP\Dataset\Raw PumpCurveImages\runs\SLB-035
2026-09-21,REDA,RC4000,60,0.4989919166392593,686,0.999977902146963,,0.1598621941407232,667,0.999992062264202,1.9241829108742294,0.11984802480289698,692,0.9998611454252735,ok,C:\Users\Rajan\OneDrive - Accutant Solutions LLC\Accutant RC\ConsultingToolset\ESP\Dataset\Raw PumpCurveImages\runs\SLB-036
2026-09-21,REDA,RC4000,60,9.673702609266325,368,0.994861372695118,"head: gap of 18% of flow range in extracted points; power: gap of 36% of flow range in extracted points; eff: rmse 1.41% of axis span; eff: max residual 9.67% of axis span; eff: gap of 20% of flow range in extracted points; eff: degree 7 would meet the residual limit (1.65% of span) -- extraction looks clean, 5th-degree form is limiting",0.1736234994739658,406,0.9999903031185531,3.311676526332036,0.17821566340042103,325,0.9994089054234835,review,C:\Users\Rajan\OneDrive - Accutant Solutions LLC\Accutant RC\ConsultingToolset\ESP\Dataset\Raw PumpCurveImages\runs\SLB-037
2026-09-21,REDA,RC2500,60,1.966467140341066,731,0.9996327231470052,axis calibration residual > 3 px: check tick assignments,0.12355267161438845,681,0.9999930255110533,0.7352290833605721,0.11930162182945431,730,0.9998096910494626,review,C:\Users\Rajan\OneDrive - Accutant Solutions LLC\Accutant RC\ConsultingToolset\ESP\Dataset\Raw PumpCurveImages\runs\SLB-038
2026-09-21,REDA,RC2500,60,1.9344629826804483,588,0.9996011459923652,head: gap of 20% of flow range in extracted points; hydraulic check: Q*H/(135770*BHP) differs from digitized efficiency by up to 5.8 pts (axis assignment/units/SG?); axis calibration residual > 3 px: check tick assignments,0.14422793555949473,463,0.9999942141042043,5.816643543056827,0.1169951637102063,639,0.9997635117281375,review,C:\Users\Rajan\OneDrive - Accutant Solutions LLC\Accutant RC\ConsultingToolset\ESP\Dataset\Raw PumpCurveImages\runs\SLB-039
2026-09-21,REDA,RC1000,60,1.4346687259274598,590,0.9998828560973442,hydraulic check: Q*H/(135770*BHP) differs from digitized efficiency by up to 23.8 pts (axis assignment/units/SG?),0.12317857934785857,574,0.9999922219311304,23.784956160040196,0.1110136769317792,591,0.9989493313206725,review,C:\Users\Rajan\OneDrive - Accutant Solutions LLC\Accutant RC\ConsultingToolset\ESP\Dataset\Raw PumpCurveImages\runs\SLB-040
2026-09-21,REDA,RC1000,60,3.6752505217099305,572,0.9512660345764934,head: gap of 22% of flow range in extracted points; eff: rmse 1.34% of axis span; eff: max residual 3.68% of axis span; hydraulic check: Q*H/(135770*BHP) differs from digitized efficiency by up to 50.4 pts (axis assignment/units/SG?),0.1534322807490967,304,0.9999905652747354,50.4017841682485,0.12896013072803741,416,0.9973417711191757,review,C:\Users\Rajan\OneDrive - Accutant Solutions LLC\Accutant RC\ConsultingToolset\ESP\Dataset\Raw PumpCurveImages\runs\SLB-041
2026-09-21,REDA,D5800N,60,0.5331249147628389,748,0.9999728488852985,,0.16674348187795324,716,0.9999787189287258,0.7234546749600099,0.10964067422907432,750,0.999951914055785,ok,C:\Users\Rajan\OneDrive - Accutant Solutions LLC\Accutant RC\ConsultingToolset\ESP\Dataset\Raw PumpCurveImages\runs\SLB-042
2026-09-21,REDA,D3500N,60,0.376706158393081,734,0.9999891053494178,,0.1362210741821693,736,0.9999965594879545,0.1497735948991945,0.10267342868860709,736,0.9999374955577637,ok,C:\Users\Rajan\OneDrive - Accutant Solutions LLC\Accutant RC\ConsultingToolset\ESP\Dataset\Raw PumpCurveImages\runs\SLB-043
2026-09-21,REDA,D2400N,60,3.096201069995847,737,0.9989063082180606,eff: rmse 0.70% of axis span; eff: max residual 3.10% of axis span; axis calibration residual > 3 px: check tick assignments,1.1611088613016474,733,0.9993397152717279,4.319074643122384,0.11419385031701623,763,0.9998052611193929,review,C:\Users\Rajan\OneDrive - Accutant Solutions LLC\Accutant RC\ConsultingToolset\ESP\Dataset\Raw PumpCurveImages\runs\SLB-044
2026-09-21,REDA,DN1800,60,0.7274455287293966,746,0.9999586765490794,,1.179992526575892,750,0.9996152011831266,1.0370063937252425,0.24546851672372125,750,0.9898863389341865,ok,C:\Users\Rajan\OneDrive - Accutant Solutions LLC\Accutant RC\ConsultingToolset\ESP\Dataset\Raw PumpCurveImages\runs\SLB-045
2026-09-21,REDA,D1750N,60,1.2490110125782459,720,0.9998792398775262,axis calibration residual > 3 px: check tick assignments,0.14454033206697262,724,0.9999922371987372,2.297955162403369,0.11092577682254277,723,0.997176957473849,review,C:\Users\Rajan\OneDrive - Accutant Solutions LLC\Accutant RC\ConsultingToolset\ESP\Dataset\Raw PumpCurveImages\runs\SLB-046
2026-09-21,REDA,D1400N,60,1.3424960091084512,748,0.9998598434734142,axis calibration residual > 3 px: check tick assignments,0.16396963692116426,716,0.9999954807177931,0.4819303603953884,0.12332984912393091,707,0.999052730873356,review,C:\Users\Rajan\OneDrive - Accutant Solutions LLC\Accutant RC\ConsultingToolset\ESP\Dataset\Raw PumpCurveImages\runs\SLB-047
2026-09-21,REDA,D1150N,60,0.5449438184228662,619,0.999983495455507,hydraulic check: Q*H/(135770*BHP) differs from digitized efficiency by up to 11.7 pts (axis assignment/units/SG?),0.1771901856980437,615,0.9999826053060523,11.724046901276054,0.15867021495273917,619,0.9997371456099589,review,C:\Users\Rajan\OneDrive - Accutant Solutions LLC\Accutant RC\ConsultingToolset\ESP\Dataset\Raw PumpCurveImages\runs\SLB-048
2026-09-21,REDA,D1050N,60,0.38380154213847795,581,0.9999874004818716,,0.19894247870215587,585,0.9999938365854234,0.8746563970696002,0.14938607585906663,585,0.9983731529395395,ok,C:\Users\Rajan\OneDrive - Accutant Solutions LLC\Accutant RC\ConsultingToolset\ESP\Dataset\Raw PumpCurveImages\runs\SLB-049
2026-09-21,REDA,D800N,60,0.21917751589331866,693,0.9999911417027657,hydraulic check: Q*H/(135770*BHP) differs from digitized efficiency by up to 32.9 pts (axis assignment/units/SG?),0.12441720357902086,697,0.9999902524079448,32.87438387942724,0.10465694338951599,699,0.9995141036239312,review,C:\Users\Rajan\OneDrive - Accutant Solutions LLC\Accutant RC\ConsultingToolset\ESP\Dataset\Raw PumpCurveImages\runs\SLB-050
2026-09-21,REDA,DN800,60,9.633873361107153,592,0.9130587096039249,head: gap of 16% of flow range in extracted points; eff: rmse 2.23% of axis span; eff: max residual 9.63% of axis span,0.13748010595890814,282,0.999980677770292,0.6588896601321023,0.13573072617231494,308,0.9957733696426379,review,C:\Users\Rajan\OneDrive - Accutant Solutions LLC\Accutant RC\ConsultingToolset\ESP\Dataset\Raw PumpCurveImages\runs\SLB-051
2026-09-21,REDA,D460N,60,0.22271309145374035,685,0.9999925004413085,hydraulic check: Q*H/(135770*BHP) differs from digitized efficiency by up to 6.6 pts (axis assignment/units/SG?),0.12696678167607597,688,0.9999779038206748,6.5982107384194535,0.10979739838172427,686,0.9998898924814525,review,C:\Users\Rajan\OneDrive - Accutant Solutions LLC\Accutant RC\ConsultingToolset\ESP\Dataset\Raw PumpCurveImages\runs\SLB-052
2026-09-21,REDA,AN2700,60,1.0265258594841185,772,0.9999499753822745,,0.12659824553350585,768,0.9999849263195477,0.47503305874190715,0.10789384435756796,773,0.9996241882911425,ok,C:\Users\Rajan\OneDrive - Accutant Solutions LLC\Accutant RC\ConsultingToolset\ESP\Dataset\Raw PumpCurveImages\runs\SLB-053
2026-09-21,REDA,AN1500,60,2.4601916334364113,751,0.9990516960944745,eff: rmse 0.79% of axis span,0.3016297445610626,734,0.9999857605998888,0.3746841822226443,0.6530559787837903,761,0.9897118509861064,review,C:\Users\Rajan\OneDrive - Accutant Solutions LLC\Accutant RC\ConsultingToolset\ESP\Dataset\Raw PumpCurveImages\runs\SLB-054
2026-09-21,REDA,AN1200,60,1.202739816036768,747,0.9997187209435758,axis calibration residual > 3 px: check tick assignments,0.547285176704125,749,0.9998871493963984,1.4482806144790388,0.4476948499359251,750,0.9902718877014498,review,C:\Users\Rajan\OneDrive - Accutant Solutions LLC\Accutant RC\ConsultingToolset\ESP\Dataset\Raw PumpCurveImages\runs\SLB-055
2026-09-21,REDA,AN900,60,0.5891594815894301,676,0.9998425233767635,,0.3020464561832563,676,0.9999774793813593,1.2347114890405884,0.14554408524185042,660,0.9931411571300752,ok,C:\Users\Rajan\OneDrive - Accutant Solutions LLC\Accutant RC\ConsultingToolset\ESP\Dataset\Raw PumpCurveImages\runs\SLB-056
2026-09-21,REDA,AN550,60,4.870579925086172,758,0.9984039466326062,"eff: rmse 1.07% of axis span; eff: max residual 4.87% of axis span; eff: degree 6 would meet the residual limit (1.70% of span) -- extraction looks clean, 5th-degree form is limiting",0.2624511644013113,755,0.999991768353053,1.8326096983450881,0.1550662493489805,759,0.9775776400104447,review,C:\Users\Rajan\OneDrive - Accutant Solutions LLC\Accutant RC\ConsultingToolset\ESP\Dataset\Raw PumpCurveImages\runs\SLB-057
2026-09-22,Baker Hughes,400FLEXPump17.5,60,0.5681738337278921,770,0.9999907577982177,,0.3063186043421503,768,0.9999708746466568,4.864846069187315,0.10097209230356635,145,0.9932627798880633,ok,C:\Users\Rajan\OneDrive - Accutant Solutions LLC\Accutant RC\ConsultingToolset\ESP\Dataset\Raw PumpCurveImages\runs_bhi\400 Flex17.5
2026-09-22,Baker Hughes,400FLEXPump7,60,0.9093928892522701,733,0.9999722612097092,,0.28422608577646835,750,0.999992273826884,0.7035999480258823,0.18228362115916813,712,0.9999585474501167,ok,C:\Users\Rajan\OneDrive - Accutant Solutions LLC\Accutant RC\ConsultingToolset\ESP\Dataset\Raw PumpCurveImages\runs_bhi\400 Flex7
2026-09-22,Baker Hughes,400FLEXPumpER7,60,0.8031003029879707,762,0.9999728819889359,,0.2840214660798625,765,0.9999910289979862,0.8396589356758923,0.11083595892158389,736,0.9999534629964602,ok,C:\Users\Rajan\OneDrive - Accutant Solutions LLC\Accutant RC\ConsultingToolset\ESP\Dataset\Raw PumpCurveImages\runs_bhi\400 FlexER7
2026-09-22,Baker Hughes,538P47,60,0.8039388783873321,1167,0.9999884770393845,,0.32033194131644555,1164,0.9999975177429884,0.28673858596213364,0.4503357201536964,295,0.9988657257879467,ok,C:\Users\Rajan\OneDrive - Accutant Solutions LLC\Accutant RC\ConsultingToolset\ESP\Dataset\Raw PumpCurveImages\runs_bhi\538P47
2026-09-22,Baker Hughes,538P75,60,0.27042057629105243,782,0.9999812251650457,,1.6087957194599223,1034,0.9999799156562572,0.2447114874258176,0.12379916898687776,208,0.9944358647846738,ok,C:\Users\Rajan\OneDrive - Accutant Solutions LLC\Accutant RC\ConsultingToolset\ESP\Dataset\Raw PumpCurveImages\runs_bhi\538P75
2026-09-22,Baker Hughes,FLEX6 338,60,1.3719650028841468,1306,0.9998431879890436,,0.2534114448160612,1288,0.9999964227282326,0.29217974045359085,0.3244806919879916,1500,0.9973876643938188,ok,C:\Users\Rajan\OneDrive - Accutant Solutions LLC\Accutant RC\ConsultingToolset\ESP\Dataset\Raw PumpCurveImages\runs_bhi\Flex6_338
2026-09-22,Baker Hughes,400FLEXPump17.5,60,0.5681738337278921,770,0.9999907577982177,,0.3063186043421503,768,0.9999708746466568,4.864846069187315,0.10097209230356635,145,0.9932627798880633,ok,C:\Users\Rajan\OneDrive - Accutant Solutions LLC\Accutant RC\ConsultingToolset\ESP\Dataset\Raw PumpCurveImages\runs_bhi\400 Flex17.5
2026-09-22,Baker Hughes,400FLEXPump7,60,0.9093928892522701,733,0.9999722612097092,,0.28422608577646835,750,0.999992273826884,0.7035999480258823,0.18228362115916813,712,0.9999585474501167,ok,C:\Users\Rajan\OneDrive - Accutant Solutions LLC\Accutant RC\ConsultingToolset\ESP\Dataset\Raw PumpCurveImages\runs_bhi\400 Flex7
2026-09-22,Baker Hughes,400FLEXPumpER7,60,0.8031003029879707,762,0.9999728819889359,,0.2840214660798625,765,0.9999910289979862,0.8396589356758923,0.11083595892158389,736,0.9999534629964602,ok,C:\Users\Rajan\OneDrive - Accutant Solutions LLC\Accutant RC\ConsultingToolset\ESP\Dataset\Raw PumpCurveImages\runs_bhi\400 FlexER7
2026-09-22,Baker Hughes,400P10,60,2.5111952036778753,1075,0.9996664713894021,"eff: max residual 2.51% of axis span; eff: degree 6 would meet the residual limit (2.12% of span) -- extraction looks clean, 5th-degree form is limiting",0.4944862498189627,1061,0.9999891669565184,0.9733118993813221,1.0152310348505222,274,0.9942685426072775,review,C:\Users\Rajan\OneDrive - Accutant Solutions LLC\Accutant RC\ConsultingToolset\ESP\Dataset\Raw PumpCurveImages\runs_bhi\400P10
2026-09-22,Baker Hughes,400P3,60,0.8558232998641505,1081,0.9999660730495185,head: rmse 1.83% of axis span; head: max residual 7.20% of axis span; head: gap of 13% of flow range in extracted points,7.19969702558942,863,0.9853197550526197,4.93642115680661,1.2340945629057394,294,0.988574503944866,review,C:\Users\Rajan\OneDrive - Accutant Solutions LLC\Accutant RC\ConsultingToolset\ESP\Dataset\Raw PumpCurveImages\runs_bhi\400P3
2026-09-22,Baker Hughes,538P47,60,0.8039388783873321,1167,0.9999884770393845,,0.32033194131644555,1164,0.9999975177429884,0.28673858596213364,0.4503357201536964,295,0.9988657257879467,ok,C:\Users\Rajan\OneDrive - Accutant Solutions LLC\Accutant RC\ConsultingToolset\ESP\Dataset\Raw PumpCurveImages\runs_bhi\538P47
2026-09-22,Baker Hughes,538P62,60,0.932933424785643,898,0.9999431183576319,head: rmse 0.65% of axis span; head: max residual 5.10% of axis span; head: gap of 17% of flow range in extracted points,5.100694904327274,719,0.9990347243777828,0.6295600061606308,0.07400227785330088,183,0.9977807713413935,review,C:\Users\Rajan\OneDrive - Accutant Solutions LLC\Accutant RC\ConsultingToolset\ESP\Dataset\Raw PumpCurveImages\runs_bhi\538P62
2026-09-22,Baker Hughes,538P75,60,0.27042057629105243,782,0.9999812251650457,,1.6087957194599223,1034,0.9999799156562572,0.2447114874258176,0.12379916898687776,208,0.9944358647846738,ok,C:\Users\Rajan\OneDrive - Accutant Solutions LLC\Accutant RC\ConsultingToolset\ESP\Dataset\Raw PumpCurveImages\runs_bhi\538P75
2026-09-22,Baker Hughes,FLEX10,60,1.7501960615643173,1077,0.9998977075841016,head: gap of 76% of flow range in extracted points; hydraulic check: Q*H/(135770*BHP) differs from digitized efficiency by up to 5.2 pts (axis assignment/units/SG?),0.32434256183225596,263,0.9999957864795366,5.16170218025794,0.21859839345467777,318,0.999687075772523,review,C:\Users\Rajan\OneDrive - Accutant Solutions LLC\Accutant RC\ConsultingToolset\ESP\Dataset\Raw PumpCurveImages\runs_bhi\FLEX10
2026-09-22,Baker Hughes,FLEX3.2,60,0.7260399985616351,1123,0.9999786008926386,head: gap of 17% of flow range in extracted points,0.2880033590847424,786,0.9999666809902098,0.4342044046137943,0.07946369735604158,196,0.9987795977223853,review,C:\Users\Rajan\OneDrive - Accutant Solutions LLC\Accutant RC\ConsultingToolset\ESP\Dataset\Raw PumpCurveImages\runs_bhi\FLEX3.2
2026-09-22,Baker Hughes,FLEX47,60,1.480875758572453,1154,0.999898711684679,head: gap of 12% of flow range in extracted points,0.417079861403354,1011,0.9999943077961887,0.3094630898724944,0.08059557794052825,332,0.9997185019014553,review,C:\Users\Rajan\OneDrive - Accutant Solutions LLC\Accutant RC\ConsultingToolset\ESP\Dataset\Raw PumpCurveImages\runs_bhi\FLEX47
2026-09-22,Baker Hughes,FLEX6 338,60,1.3719650028841468,1306,0.9998431879890436,,0.2534114448160612,1288,0.9999964227282326,0.29217974045359085,0.3244806919879916,1500,0.9973876643938188,ok,C:\Users\Rajan\OneDrive - Accutant Solutions LLC\Accutant RC\ConsultingToolset\ESP\Dataset\Raw PumpCurveImages\runs_bhi\Flex6_338
2026-09-22,Baker Hughes,FLEX80,60,1.261429729021799,1070,0.9999108441210902,head: gap of 15% of flow range in extracted points,0.34809815683173506,988,0.9999971057220833,0.3626900897200187,0.08735242003357613,186,0.9996319868564421,review,C:\Users\Rajan\OneDrive - Accutant Solutions LLC\Accutant RC\ConsultingToolset\ESP\Dataset\Raw PumpCurveImages\runs_bhi\FLEX80
2026-09-22,Baker Hughes,WIJ500C,60,1.446926769520787,546,0.9997740955136859,,0.2536458541031801,541,0.9999972591286158,0.6951084991177439,0.14013185759876096,549,0.9999102805666709,ok,C:\Users\Rajan\OneDrive - Accutant Solutions LLC\Accutant RC\ConsultingToolset\ESP\Dataset\Raw PumpCurveImages\runs_bhi2\BHI-025
2026-09-22,Baker Hughes,WME2700,60,0.6807174901032711,533,0.9999885412347037,,0.6076186713048267,531,0.9999926284235062,0.8797606289163866,0.09973442072568517,536,0.9999802532912319,ok,C:\Users\Rajan\OneDrive - Accutant Solutions LLC\Accutant RC\ConsultingToolset\ESP\Dataset\Raw PumpCurveImages\runs_bhi2\BHI-001
2026-09-22,Baker Hughes,WJE1200,60,1.109242153997037,541,0.9999468662655734,,0.48761778380245396,538,0.9999941657376811,0.39220398060646744,0.1579842190527307,545,0.9999759663386649,ok,C:\Users\Rajan\OneDrive - Accutant Solutions LLC\Accutant RC\ConsultingToolset\ESP\Dataset\Raw PumpCurveImages\runs_bhi2\BHI-002
2026-09-22,Baker Hughes,P410,60,2.37930961667377,544,0.9993341783198638,,0.17529523673382363,523,0.9999958523584633,0.73488350248806,0.5255558855565009,554,0.9999149479943791,ok,C:\Users\Rajan\OneDrive - Accutant Solutions LLC\Accutant RC\ConsultingToolset\ESP\Dataset\Raw PumpCurveImages\runs_bhi2\BHI-003
2026-09-22,Baker Hughes,P340,60,0.6615191351343215,566,0.9999435511027924,,0.5079859442086303,562,0.9999939508419613,0.3096635607441982,0.1179354353334494,572,0.9999006673875902,ok,C:\Users\Rajan\OneDrive - Accutant Solutions LLC\Accutant RC\ConsultingToolset\ESP\Dataset\Raw PumpCurveImages\runs_bhi2\BHI-004
2026-09-22,Baker Hughes,WJE1000,60,0.5784270962741185,523,0.9999263076120446,,0.5879729630754592,521,0.9999926007011133,0.36604880201256407,0.09321530969315174,526,0.9999155889033978,ok,C:\Users\Rajan\OneDrive - Accutant Solutions LLC\Accutant RC\ConsultingToolset\ESP\Dataset\Raw PumpCurveImages\runs_bhi2\BHI-005
2026-09-22,Baker Hughes,WJJ1200A,60,0.7827476580159898,512,0.9999847746047201,,0.6135182178657973,540,0.9999936281410713,0.2515592857752793,0.15129430126257867,545,0.9999845048783796,ok,C:\Users\Rajan\OneDrive - Accutant Solutions LLC\Accutant RC\ConsultingToolset\ESP\Dataset\Raw PumpCurveImages\runs_bhi2\BHI-006
2026-09-22,Baker Hughes,WJJ1200B,60,0.9034975418355443,565,0.9999525466930127,,0.35984589323489097,578,0.99999642644521,0.3524787301242398,0.10029841170650208,586,0.9999755940666928,ok,C:\Users\Rajan\OneDrive - Accutant Solutions LLC\Accutant RC\ConsultingToolset\ESP\Dataset\Raw PumpCurveImages\runs_bhi2\BHI-007
2026-09-22,Baker Hughes,WJJ1200C,60,0.7092307101096512,549,0.99996613325975,,0.6059604115677074,547,0.9999948410048879,0.535281574555114,0.07857331308841206,553,0.9999663724394913,ok,C:\Users\Rajan\OneDrive - Accutant Solutions LLC\Accutant RC\ConsultingToolset\ESP\Dataset\Raw PumpCurveImages\runs_bhi2\BHI-008
2026-09-22,Baker Hughes,WJJ1000A,60,1.6969855046074074,571,0.9997835508383567,,0.4979642263756054,588,0.9999951114786922,0.698869514963576,0.13842869854720363,598,0.9999780400435105,ok,C:\Users\Rajan\OneDrive - Accutant Solutions LLC\Accutant RC\ConsultingToolset\ESP\Dataset\Raw PumpCurveImages\runs_bhi2\BHI-009
2026-09-22,Baker Hughes,WNE2100,60,1.1145466751840136,583,0.9997602137120415,,0.19846549740634614,575,0.9999942023943407,0.6659231683809068,0.09583056946100821,593,0.9999888665927629,ok,C:\Users\Rajan\OneDrive - Accutant Solutions LLC\Accutant RC\ConsultingToolset\ESP\Dataset\Raw PumpCurveImages\runs_bhi2\BHI-012
2026-09-22,Baker Hughes,WNE1600,60,1.2819367231774519,574,0.999843308307595,,0.3364303033175273,577,0.9999954633665531,0.6520336076564348,0.1528969480632281,599,0.9999680761695945,ok,C:\Users\Rajan\OneDrive - Accutant Solutions LLC\Accutant RC\ConsultingToolset\ESP\Dataset\Raw PumpCurveImages\runs_bhi2\BHI-013
2026-09-22,Baker Hughes,WIE700,60,1.8278483237474161,550,0.9996268676521066,,0.5124609005772869,548,0.9999950103379921,0.9333290551253697,0.11781197648765354,551,0.9999753184637342,ok,C:\Users\Rajan\OneDrive - Accutant Solutions LLC\Accutant RC\ConsultingToolset\ESP\Dataset\Raw PumpCurveImages\runs_bhi2\BHI-014
2026-09-22,Baker Hughes,WIE600,60,0.6447842630626653,590,0.9999709749382946,,0.5955557632354251,589,0.9999941762557343,0.25103336348317384,0.08575449165117532,601,0.9999594101380461,ok,C:\Users\Rajan\OneDrive - Accutant Solutions LLC\Accutant RC\ConsultingToolset\ESP\Dataset\Raw PumpCurveImages\runs_bhi2\BHI-015
2026-09-22,Baker Hughes,P240,60,1.3760471789720754,538,0.9996967366267941,,0.5618570443882233,535,0.9999944384207006,0.5491999974810184,0.14678218575696753,543,0.9999757926012747,ok,C:\Users\Rajan\OneDrive - Accutant Solutions LLC\Accutant RC\ConsultingToolset\ESP\Dataset\Raw PumpCurveImages\runs_bhi2\BHI-016
2026-09-22,Baker Hughes,P210,60,0.6447842630626653,590,0.9999709749382946,,0.5955557632354251,589,0.9999941762557343,0.25103336348317384,0.08575449165117532,601,0.9999594101380461,ok,C:\Users\Rajan\OneDrive - Accutant Solutions LLC\Accutant RC\ConsultingToolset\ESP\Dataset\Raw PumpCurveImages\runs_bhi2\BHI-017
2026-09-22,Baker Hughes,G470,60,0.47962665784252945,569,0.9999619548597269,,0.619379651835209,578,0.999991816706925,0.1067477405976689,0.10454838625280069,596,0.9999897982020303,ok,C:\Users\Rajan\OneDrive - Accutant Solutions LLC\Accutant RC\ConsultingToolset\ESP\Dataset\Raw PumpCurveImages\runs_bhi2\BHI-018
2026-09-22,Baker Hughes,G250,60,0.7829101901377172,511,0.9999065876178951,,0.2523248870926614,465,0.9999906213475231,0.41220678640652153,0.08651485934142501,549,0.99996379996298,ok,C:\Users\Rajan\OneDrive - Accutant Solutions LLC\Accutant RC\ConsultingToolset\ESP\Dataset\Raw PumpCurveImages\runs_bhi2\BHI-019
2026-09-22,Baker Hughes,WIJ700A,60,1.5098596714203283,517,0.9998924835301819,,0.11189596672799576,561,0.9999977322504455,0.36857957556224363,0.1449610723394062,567,0.9999867663543217,ok,C:\Users\Rajan\OneDrive - Accutant Solutions LLC\Accutant RC\ConsultingToolset\ESP\Dataset\Raw PumpCurveImages\runs_bhi2\BHI-020
2026-09-22,Baker Hughes,WIJ700B,60,0.8674869911195158,470,0.9999492390068113,,0.4735039931165157,523,0.9999956118031453,0.32183760564547015,0.0884963763207264,591,0.9999854569845195,ok,C:\Users\Rajan\OneDrive - Accutant Solutions LLC\Accutant RC\ConsultingToolset\ESP\Dataset\Raw PumpCurveImages\runs_bhi2\BHI-021
2026-09-22,Baker Hughes,WIJ700C,60,1.5264533792409631,516,0.9997026245643819,,0.23606741072927798,515,0.9999965214737824,0.45530941570142147,0.23521768351610456,547,0.999968722310205,ok,C:\Users\Rajan\OneDrive - Accutant Solutions LLC\Accutant RC\ConsultingToolset\ESP\Dataset\Raw PumpCurveImages\runs_bhi2\BHI-022
2026-09-22,Baker Hughes,WIJ500A,60,1.7033233544607775,557,0.9998850893766991,,0.45862833970614164,594,0.999996195242908,0.5976108472837538,0.12753302470146596,603,0.9999617351755862,ok,C:\Users\Rajan\OneDrive - Accutant Solutions LLC\Accutant RC\ConsultingToolset\ESP\Dataset\Raw PumpCurveImages\runs_bhi2\BHI-023
2026-09-22,Baker Hughes,WIJ500B,60,0.7390015656878498,496,0.9999614706626927,,0.5827271765131378,580,0.9999958684146543,0.2732351644712878,0.07947265710747065,523,0.9999576254024481,ok,C:\Users\Rajan\OneDrive - Accutant Solutions LLC\Accutant RC\ConsultingToolset\ESP\Dataset\Raw PumpCurveImages\runs_bhi2\BHI-024
2026-09-22,Baker Hughes,WIJ500C,60,1.443599888134622,546,0.9997722003994941,,0.2550635121421136,541,0.9999972596427871,0.7106139047666815,0.1433024201027856,549,0.9999389679887961,ok,C:\Users\Rajan\OneDrive - Accutant Solutions LLC\Accutant RC\ConsultingToolset\ESP\Dataset\Raw PumpCurveImages\runs_bhi2\BHI-025
2026-09-22,Baker Hughes,WH785,60,2.3711554783781987,559,0.9996911299238916,,0.6765660019075614,566,0.9999932125971365,0.5345474159902963,0.11133584963077552,566,0.999974465219984,ok,C:\Users\Rajan\OneDrive - Accutant Solutions LLC\Accutant RC\ConsultingToolset\ESP\Dataset\Raw PumpCurveImages\runs_bhi2\BHI-026
2026-09-22,Baker Hughes,WH585,60,1.1186571337488558,582,0.9999246545185952,,0.61191352669759,576,0.9999934263192647,0.5611982020173585,0.09794477880356686,585,0.9999532551327522,ok,C:\Users\Rajan\OneDrive - Accutant Solutions LLC\Accutant RC\ConsultingToolset\ESP\Dataset\Raw PumpCurveImages\runs_bhi2\BHI-027
2026-09-22,Baker Hughes,WH550,60,1.2509415087861506,555,0.9997741088699131,,0.37245838629855926,548,0.9999959987992257,0.5609362051426601,0.14115729690785422,554,0.9999499765281328,ok,C:\Users\Rajan\OneDrive - Accutant Solutions LLC\Accutant RC\ConsultingToolset\ESP\Dataset\Raw PumpCurveImages\runs_bhi2\BHI-028
2026-09-22,Baker Hughes,WH465,60,0.8925014385167591,578,0.9999241415258241,,0.17729657535339685,563,0.9999967238982387,0.38842249312077115,0.12323996583132371,578,0.9999806590572017,ok,C:\Users\Rajan\OneDrive - Accutant Solutions LLC\Accutant RC\ConsultingToolset\ESP\Dataset\Raw PumpCurveImages\runs_bhi2\BHI-029
2026-09-22,Baker Hughes,WH365,60,0.8544874010612344,564,0.9999188903397893,,0.2960200336114757,557,0.9999960780444718,0.4519903332917252,0.14919966045205413,566,0.9999768290336924,ok,C:\Users\Rajan\OneDrive - Accutant Solutions LLC\Accutant RC\ConsultingToolset\ESP\Dataset\Raw PumpCurveImages\runs_bhi2\BHI-030
2026-09-22,Baker Hughes,WH290,60,1.3575669722343893,578,0.9998304215882925,,0.2923073167535546,566,0.9999948888727181,0.518689663924242,0.161157370708179,583,0.9999823456305142,ok,C:\Users\Rajan\OneDrive - Accutant Solutions LLC\Accutant RC\ConsultingToolset\ESP\Dataset\Raw PumpCurveImages\runs_bhi2\BHI-031
2026-09-22,Baker Hughes,WH225,60,1.7592539906343028,594,0.9997648203677812,,0.2381891950644584,582,0.9999958145508702,0.6725296185954264,0.23189104298470048,599,0.999951485016945,ok,C:\Users\Rajan\OneDrive - Accutant Solutions LLC\Accutant RC\ConsultingToolset\ESP\Dataset\Raw PumpCurveImages\runs_bhi2\BHI-032
2026-09-22,Baker Hughes,HC35000,60,1.0934884268235368,569,0.9998929874144579,,0.5172583636069628,567,0.9999927540329375,0.37971785506873346,0.10267699138961173,564,0.9999872174419769,ok,C:\Users\Rajan\OneDrive - Accutant Solutions LLC\Accutant RC\ConsultingToolset\ESP\Dataset\Raw PumpCurveImages\runs_bhi2\BHI-033
2026-09-22,Baker Hughes,HC27000,60,1.6308095192665089,572,0.999835552515057,,0.6031232041868739,588,0.9999944027615566,0.42549903055245863,0.09479711814847958,506,0.999974972088641,ok,C:\Users\Rajan\OneDrive - Accutant Solutions LLC\Accutant RC\ConsultingToolset\ESP\Dataset\Raw PumpCurveImages\runs_bhi2\BHI-034
2026-09-22,Baker Hughes,HC20000L,60,0.701561693793635,547,0.9999697909139945,,0.6547009231127746,541,0.999992700750896,0.4598904344497683,0.10690137354646578,554,0.9999352353369669,ok,C:\Users\Rajan\OneDrive - Accutant Solutions LLC\Accutant RC\ConsultingToolset\ESP\Dataset\Raw PumpCurveImages\runs_bhi2\BHI-035
2026-09-22,Baker Hughes,HC20000,60,1.000021227533062,582,0.9999187336848384,,0.6268533110208349,580,0.9999924360675011,0.39898157659931144,0.09831644814106123,584,0.9999790955078899,ok,C:\Users\Rajan\OneDrive - Accutant Solutions LLC\Accutant RC\ConsultingToolset\ESP\Dataset\Raw PumpCurveImages\runs_bhi2\BHI-036
2026-09-22,Baker Hughes,HC16000,60,0.8914106231211221,578,0.9999245790010138,,0.17757508760931312,563,0.9999966922198145,0.36898495977497703,0.12410825170567036,578,0.9999809743328388,ok,C:\Users\Rajan\OneDrive - Accutant Solutions LLC\Accutant RC\ConsultingToolset\ESP\Dataset\Raw PumpCurveImages\runs_bhi2\BHI-037
2026-09-22,Baker Hughes,HC12500,60,0.2871365962511109,525,0.9999892167883846,,0.2782214369190446,511,0.9999966530789657,0.46012911216690355,0.11482948641721691,568,0.999973113826639,ok,C:\Users\Rajan\OneDrive - Accutant Solutions LLC\Accutant RC\ConsultingToolset\ESP\Dataset\Raw PumpCurveImages\runs_bhi2\BHI-038
2026-09-22,Baker Hughes,HC10000,60,1.0806626749646497,550,0.9999319120462504,,0.5455753122197787,546,0.99999424141705,0.3551246552625784,0.13650135363071994,582,0.9999796921960531,ok,C:\Users\Rajan\OneDrive - Accutant Solutions LLC\Accutant RC\ConsultingToolset\ESP\Dataset\Raw PumpCurveImages\runs_bhi2\BHI-039
2026-09-22,Baker Hughes,HC7800,60,1.6010557453501066,582,0.999780289724471,,0.49512431299194987,578,0.9999934354160444,0.7015049376628752,0.09025501859690754,570,0.9999520673896123,ok,C:\Users\Rajan\OneDrive - Accutant Solutions LLC\Accutant RC\ConsultingToolset\ESP\Dataset\Raw PumpCurveImages\runs_bhi2\BHI-040
2026-09-22,Baker Hughes,G200,60,1.0299278538015488,480,0.999853951176305,,0.5792889863409872,425,0.9999901832483961,0.46313441095709607,0.18384036614955412,472,0.9999843509396026,ok,C:\Users\Rajan\OneDrive - Accutant Solutions LLC\Accutant RC\ConsultingToolset\ESP\Dataset\Raw PumpCurveImages\runs_bhi2\BHI-041
2026-09-22,Baker Hughes,P200,60,0.736687826944854,573,0.999934232411931,,0.3789142845011055,573,0.9999932099164279,0.4602099509513522,0.10276673872459964,578,0.9999762764409011,ok,C:\Users\Rajan\OneDrive - Accutant Solutions LLC\Accutant RC\ConsultingToolset\ESP\Dataset\Raw PumpCurveImages\runs_bhi2\BHI-042
2026-09-22,Baker Hughes,P155,60,0.8344772401530356,513,0.9998511858706113,,0.28990743139929553,517,0.999994792515283,0.2992174476310083,0.08860158328920228,554,0.99998152939451,ok,C:\Users\Rajan\OneDrive - Accutant Solutions LLC\Accutant RC\ConsultingToolset\ESP\Dataset\Raw PumpCurveImages\runs_bhi2\BHI-043
2026-09-22,Baker Hughes,P110,60,0.6077621420542033,554,0.9998865972115558,,0.2996120576649871,536,0.9999953234234257,0.38561810682177367,0.109400657799403,582,0.9999409788204471,ok,C:\Users\Rajan\OneDrive - Accutant Solutions LLC\Accutant RC\ConsultingToolset\ESP\Dataset\Raw PumpCurveImages\runs_bhi2\BHI-044
2026-09-22,Baker Hughes,G110LS,60,0.8271426020508491,523,0.9998419089357097,,0.3467831497673343,525,0.9999932908868617,0.23397616005662059,0.14229381620370318,571,0.9999855840985113,ok,C:\Users\Rajan\OneDrive - Accutant Solutions LLC\Accutant RC\ConsultingToolset\ESP\Dataset\Raw PumpCurveImages\runs_bhi2\BHI-045
2026-09-22,Baker Hughes,P100LS,60,0.47149465540479757,530,0.9999820997076545,,0.565779527376528,546,0.9999929778384571,0.18579275471930856,0.08380665714118099,583,0.9999777326845675,ok,C:\Users\Rajan\OneDrive - Accutant Solutions LLC\Accutant RC\ConsultingToolset\ESP\Dataset\Raw PumpCurveImages\runs_bhi2\BHI-046
2026-09-22,Baker Hughes,P100,60,0.47149465540479757,530,0.9999820997076545,,0.565779527376528,546,0.9999929778384571,0.18579275471930856,0.08380665714118099,583,0.9999777326845675,ok,C:\Users\Rajan\OneDrive - Accutant Solutions LLC\Accutant RC\ConsultingToolset\ESP\Dataset\Raw PumpCurveImages\runs_bhi2\BHI-047
2026-09-22,Baker Hughes,GINPSHH,60,0.7646464392006328,527,0.9998864006393033,,0.6145263280301999,527,0.9999923953151726,0.30504673861588216,0.14157356958996872,530,0.9999204551100347,ok,C:\Users\Rajan\OneDrive - Accutant Solutions LLC\Accutant RC\ConsultingToolset\ESP\Dataset\Raw PumpCurveImages\runs_bhi2\BHI-048
2026-09-22,Baker Hughes,P75LS,60,0.5433174557055499,516,0.9999302703300433,,0.4537811565363635,509,0.9999940791941808,0.29451186610160107,0.16389454647939755,538,0.9999009544552535,ok,C:\Users\Rajan\OneDrive - Accutant Solutions LLC\Accutant RC\ConsultingToolset\ESP\Dataset\Raw PumpCurveImages\runs_bhi2\BHI-049
2026-09-22,Baker Hughes,P75,60,0.5433174557055499,516,0.9999302703300433,,0.4537811565363635,509,0.9999940791941808,0.29451186610160107,0.16389454647939755,538,0.9999009544552535,ok,C:\Users\Rajan\OneDrive - Accutant Solutions LLC\Accutant RC\ConsultingToolset\ESP\Dataset\Raw PumpCurveImages\runs_bhi2\BHI-050
2026-09-22,Baker Hughes,G68LS,60,0.4304631509043973,509,0.9998959663502539,,0.2623612647872675,424,0.9999952956760553,0.2978111602710598,0.1398465679063718,533,0.9999346319395088,ok,C:\Users\Rajan\OneDrive - Accutant Solutions LLC\Accutant RC\ConsultingToolset\ESP\Dataset\Raw PumpCurveImages\runs_bhi2\BHI-051
2026-09-22,Baker Hughes,P62LS,60,0.8914280997162061,603,0.9999432386113978,,0.27843899606853734,598,0.9999960069540238,0.34338918535186025,0.17216650197586367,604,0.9998976760723259,ok,C:\Users\Rajan\OneDrive - Accutant Solutions LLC\Accutant RC\ConsultingToolset\ESP\Dataset\Raw PumpCurveImages\runs_bhi2\BHI-052
2026-09-22,Baker Hughes,P62,60,0.8914280997162061,603,0.9999432386113978,,0.27843899606853734,598,0.9999960069540238,0.34338918535186025,0.17216650197586367,604,0.9998976760723259,ok,C:\Users\Rajan\OneDrive - Accutant Solutions LLC\Accutant RC\ConsultingToolset\ESP\Dataset\Raw PumpCurveImages\runs_bhi2\BHI-053
2026-09-22,Baker Hughes,P47,60,0.30805898595289755,539,0.9999726539648006,,0.21289995837405892,524,0.9999940857921961,0.10564074434354609,0.17212539749384603,571,0.9999348988948267,ok,C:\Users\Rajan\OneDrive - Accutant Solutions LLC\Accutant RC\ConsultingToolset\ESP\Dataset\Raw PumpCurveImages\runs_bhi2\BHI-054
2026-09-22,Baker Hughes,P37,60,0.6617582490842402,541,0.999903433972958,,0.29240430632772935,522,0.9999932056937783,0.19415496776376528,0.09504452610421858,587,0.9999848594718617,ok,C:\Users\Rajan\OneDrive - Accutant Solutions LLC\Accutant RC\ConsultingToolset\ESP\Dataset\Raw PumpCurveImages\runs_bhi2\BHI-055
2026-09-22,Baker Hughes,P31,60,0.5126874711330237,525,0.9998942590245825,,0.2925898390144466,503,0.9999943078465526,0.2840193378000748,0.10882160677343228,559,0.999963515171742,ok,C:\Users\Rajan\OneDrive - Accutant Solutions LLC\Accutant RC\ConsultingToolset\ESP\Dataset\Raw PumpCurveImages\runs_bhi2\BHI-056
2026-09-22,Baker Hughes,G31,60,0.8835924134279981,581,0.9998662195287968,,0.591616899580684,581,0.9999936551902221,0.24203770378094447,0.16099162942536122,525,0.9999884065150533,ok,C:\Users\Rajan\OneDrive - Accutant Solutions LLC\Accutant RC\ConsultingToolset\ESP\Dataset\Raw PumpCurveImages\runs_bhi2\BHI-057
2026-09-22,Baker Hughes,P23,60,1.2132531279777963,549,0.9994644066793853,,0.3134645777997916,553,0.9999960227861714,0.7014524869819745,0.11702269008130621,565,0.9999711048934214,ok,C:\Users\Rajan\OneDrive - Accutant Solutions LLC\Accutant RC\ConsultingToolset\ESP\Dataset\Raw PumpCurveImages\runs_bhi2\BHI-058
2026-09-22,Baker Hughes,P17,60,0.6770452855469544,525,0.9998879297973641,,0.17747843279924794,513,0.9999958699892018,0.24934086950000278,0.09009312406194138,530,0.999867042110811,ok,C:\Users\Rajan\OneDrive - Accutant Solutions LLC\Accutant RC\ConsultingToolset\ESP\Dataset\Raw PumpCurveImages\runs_bhi2\BHI-059
2026-09-22,Baker Hughes,P11,60,0.2705536403989057,537,0.9999788136993681,,0.31083204972929374,538,0.9999960159035366,0.1398437725659143,0.0927403131027154,547,0.9999703285900667,ok,C:\Users\Rajan\OneDrive - Accutant Solutions LLC\Accutant RC\ConsultingToolset\ESP\Dataset\Raw PumpCurveImages\runs_bhi2\BHI-060
2026-09-22,Baker Hughes,P60,60,0.6006452474920322,570,0.9999737633476757,,0.549209716302361,567,0.9999920616628741,0.27525994434306966,0.11615174387128381,573,0.9999745500267395,ok,C:\Users\Rajan\OneDrive - Accutant Solutions LLC\Accutant RC\ConsultingToolset\ESP\Dataset\Raw PumpCurveImages\runs_bhi2\BHI-061
2026-09-22,Baker Hughes,P43,60,1.1106324100880278,594,0.9998897472190221,,0.35484242030763213,590,0.9999945887164825,0.4760045960759669,0.08215510360495822,600,0.9999516332814672,ok,C:\Users\Rajan\OneDrive - Accutant Solutions LLC\Accutant RC\ConsultingToolset\ESP\Dataset\Raw PumpCurveImages\runs_bhi2\BHI-062
2026-09-22,Baker Hughes,G42,60,0.34866345451616176,527,0.9999645392866255,,0.29289179520118513,531,0.9999948971564271,0.14817300379645815,0.18118432666582437,544,0.9999814291052305,ok,C:\Users\Rajan\OneDrive - Accutant Solutions LLC\Accutant RC\ConsultingToolset\ESP\Dataset\Raw PumpCurveImages\runs_bhi2\BHI-063
2026-09-22,Baker Hughes,P35,60,0.9565706817758077,535,0.9998798562362532,,0.602331368560182,534,0.99999318898766,0.5726945640404111,0.12457480156099927,546,0.999951158436243,ok,C:\Users\Rajan\OneDrive - Accutant Solutions LLC\Accutant RC\ConsultingToolset\ESP\Dataset\Raw PumpCurveImages\runs_bhi2\BHI-064
2026-09-22,Baker Hughes,GINPSHL,60,0.7467537056032247,565,0.9998814653044419,,0.5501797571241663,562,0.9999920641015737,0.3105552531627751,0.08457742528843057,574,0.9999438589750584,ok,C:\Users\Rajan\OneDrive - Accutant Solutions LLC\Accutant RC\ConsultingToolset\ESP\Dataset\Raw PumpCurveImages\runs_bhi2\BHI-065
2026-09-22,Baker Hughes,P30,60,0.5212905033222989,573,0.9999772823097026,,0.2387666225399804,569,0.9999959062592495,0.14413544009533297,0.15018396628353026,599,0.999948358270406,ok,C:\Users\Rajan\OneDrive - Accutant Solutions LLC\Accutant RC\ConsultingToolset\ESP\Dataset\Raw PumpCurveImages\runs_bhi2\BHI-066
2026-09-22,Baker Hughes,P29,60,1.1531964606786007,569,0.9997234171618887,,0.2604014733915952,554,0.9999937624805667,0.5609585116365423,0.09688857044792665,604,0.999774851540092,ok,C:\Users\Rajan\OneDrive - Accutant Solutions LLC\Accutant RC\ConsultingToolset\ESP\Dataset\Raw PumpCurveImages\runs_bhi2\BHI-067
2026-09-22,Baker Hughes,P22,60,0.3612800784502474,569,0.9999703926304546,,0.24619495307364914,567,0.999996156582184,0.11821436458765078,0.10309849874235641,595,0.9999725897157232,ok,C:\Users\Rajan\OneDrive - Accutant Solutions LLC\Accutant RC\ConsultingToolset\ESP\Dataset\Raw PumpCurveImages\runs_bhi2\BHI-068
2026-09-22,Baker Hughes,G22,60,1.0667446095638085,520,0.9997168994648394,,0.5662714475446732,530,0.9999897186714135,0.48980081920910834,0.0835502037328802,576,0.9999902337883642,ok,C:\Users\Rajan\OneDrive - Accutant Solutions LLC\Accutant RC\ConsultingToolset\ESP\Dataset\Raw PumpCurveImages\runs_bhi2\BHI-069
2026-09-22,Baker Hughes,P18,60,0.4545052363307213,540,0.999986240373817,,0.5900252571227856,549,0.9999942360588707,0.17462461354512726,0.16210908268400157,541,0.9998136129953007,ok,C:\Users\Rajan\OneDrive - Accutant Solutions LLC\Accutant RC\ConsultingToolset\ESP\Dataset\Raw PumpCurveImages\runs_bhi2\BHI-070
2026-09-22,Baker Hughes,P16,60,0.9160247308489918,563,0.9999228138882537,,0.6435327618231992,573,0.9999909878934418,0.27925050673437113,0.1660015080055354,585,0.9999558811930456,ok,C:\Users\Rajan\OneDrive - Accutant Solutions LLC\Accutant RC\ConsultingToolset\ESP\Dataset\Raw PumpCurveImages\runs_bhi2\BHI-071
2026-09-22,Baker Hughes,G12,60,0.9691439378157233,554,0.9996481129263839,,0.2083094198303143,556,0.9999965765503299,0.33457464642441437,0.12773456646443487,577,0.999982407266159,ok,C:\Users\Rajan\OneDrive - Accutant Solutions LLC\Accutant RC\ConsultingToolset\ESP\Dataset\Raw PumpCurveImages\runs_bhi2\BHI-072
2026-09-22,Baker Hughes,P12,60,0.6604330765063124,530,0.9998725126279365,,0.13516065436840657,537,0.9999961219920467,0.308919475036852,0.18628665845267564,577,0.9999665415880317,ok,C:\Users\Rajan\OneDrive - Accutant Solutions LLC\Accutant RC\ConsultingToolset\ESP\Dataset\Raw PumpCurveImages\runs_bhi2\BHI-073
2026-09-22,Baker Hughes,P10,60,2.1287465345307375,531,0.9996508964236449,,0.3843880102967804,526,0.9999953827327168,0.6521782693936373,0.14038551847185435,544,0.9999836519183707,ok,C:\Users\Rajan\OneDrive - Accutant Solutions LLC\Accutant RC\ConsultingToolset\ESP\Dataset\Raw PumpCurveImages\runs_bhi2\BHI-074
2026-09-22,Baker Hughes,P8,60,0.8802093519931041,516,0.9999009667989234,,0.9765531892850142,522,0.9999880909150198,0.1761830633117185,0.08374700084642135,536,0.9999867236663842,ok,C:\Users\Rajan\OneDrive - Accutant Solutions LLC\Accutant RC\ConsultingToolset\ESP\Dataset\Raw PumpCurveImages\runs_bhi2\BHI-075
2026-09-22,Baker Hughes,P6,60,0.38601043349028796,561,0.9999560730803957,,0.1797207548413905,559,0.9999968059944855,0.13996025210762753,0.15950027985709592,569,0.999968826837384,ok,C:\Users\Rajan\OneDrive - Accutant Solutions LLC\Accutant RC\ConsultingToolset\ESP\Dataset\Raw PumpCurveImages\runs_bhi2\BHI-076
2026-09-22,Baker Hughes,P4,60,0.40395034468216934,566,0.9999275785885805,,0.21185801119763745,579,0.9999967995497785,0.16063431391260963,0.640788080385771,580,0.9998942232380593,ok,C:\Users\Rajan\OneDrive - Accutant Solutions LLC\Accutant RC\ConsultingToolset\ESP\Dataset\Raw PumpCurveImages\runs_bhi2\BHI-077
2026-09-22,Baker Hughes,P4L,60,0.6865346741519114,516,0.9998973256211535,,0.3209749514540767,527,0.9999958784031953,0.14457162895183373,0.12753911490296235,541,0.9999826600494669,ok,C:\Users\Rajan\OneDrive - Accutant Solutions LLC\Accutant RC\ConsultingToolset\ESP\Dataset\Raw PumpCurveImages\runs_bhi2\BHI-078
2026-09-22,Baker Hughes,G4,60,0.2461452904522966,578,0.9999178199396188,,0.26165731435210726,564,0.9999976665999639,0.14952924476792973,0.07694273583818759,598,0.9999739736017477,ok,C:\Users\Rajan\OneDrive - Accutant Solutions LLC\Accutant RC\ConsultingToolset\ESP\Dataset\Raw PumpCurveImages\runs_bhi2\BHI-079
2026-09-22,Baker Hughes,P3,60,0.3866837131669471,557,0.9999531562658875,,0.28071171197210854,522,0.9999961615034384,0.1738775141888098,0.09158265451234186,565,0.9999609555764105,ok,C:\Users\Rajan\OneDrive - Accutant Solutions LLC\Accutant RC\ConsultingToolset\ESP\Dataset\Raw PumpCurveImages\runs_bhi2\BHI-080
2026-09-22,Baker Hughes,P1-5,60,0.5104883163703183,586,0.9994607901637221,,0.5804484882217233,579,0.9999940997594613,0.10638046219573738,0.08157952893493604,586,0.9994740712873056,ok,C:\Users\Rajan\OneDrive - Accutant Solutions LLC\Accutant RC\ConsultingToolset\ESP\Dataset\Raw PumpCurveImages\runs_bhi2\BHI-081
2026-09-22,Baker Hughes,DC2500,60,0.2608522109327595,574,0.9999855788403913,,0.5644787249020784,571,0.9999935209451603,0.17631165842686158,0.162085619561901,577,0.999965311840833,ok,C:\Users\Rajan\OneDrive - Accutant Solutions LLC\Accutant RC\ConsultingToolset\ESP\Dataset\Raw PumpCurveImages\runs_bhi2\BHI-082
2026-09-22,Baker Hughes,DC2200,60,1.9659765222914978,542,0.9995396913067003,,0.38945456520824445,534,0.9999956832721022,0.5755780550028788,0.2728488243104117,531,0.9999595328107366,ok,C:\Users\Rajan\OneDrive - Accutant Solutions LLC\Accutant RC\ConsultingToolset\ESP\Dataset\Raw PumpCurveImages\runs_bhi2\BHI-083
2026-09-22,Baker Hughes,DC1250,60,1.5742636016650369,567,0.9997867565423435,,0.20674835081577075,545,0.9999975974111791,0.4993988521046724,0.17561910568554162,579,0.9999517339902974,ok,C:\Users\Rajan\OneDrive - Accutant Solutions LLC\Accutant RC\ConsultingToolset\ESP\Dataset\Raw PumpCurveImages\runs_bhi2\BHI-084
2026-09-22,Baker Hughes,DC950,60,0.5020375497508643,545,0.9999726684501987,,0.27446133839189313,527,0.9999954575574367,0.19320114990583193,0.12534705457340717,556,0.9999731364744304,ok,C:\Users\Rajan\OneDrive - Accutant Solutions LLC\Accutant RC\ConsultingToolset\ESP\Dataset\Raw PumpCurveImages\runs_bhi2\BHI-085
2026-09-22,Baker Hughes,DC750,60,0.5294023736193463,604,0.9999511845415892,,0.38523315911892436,601,0.9999952261180944,0.23992884650346724,0.09576447973659437,613,0.9999744582483422,ok,C:\Users\Rajan\OneDrive - Accutant Solutions LLC\Accutant RC\ConsultingToolset\ESP\Dataset\Raw PumpCurveImages\runs_bhi2\BHI-086
2026-09-22,Baker Hughes,DC550,60,0.46255393888719376,545,0.9999351342521354,,0.4155608213056893,540,0.999995464129936,0.28891591803817107,0.13227703120180812,531,0.9999744486963107,ok,C:\Users\Rajan\OneDrive - Accutant Solutions LLC\Accutant RC\ConsultingToolset\ESP\Dataset\Raw PumpCurveImages\runs_bhi2\BHI-087
2026-09-22,Baker Hughes,WME3700,60,5.615110553173112,550,0.9992669921627318,"eff: max residual 5.62% of axis span; eff: degree 6 would meet the residual limit (1.82% of span) -- extraction looks clean, 5th-degree form is limiting",0.5087245654651716,556,0.999996338049668,0.9724046598788902,0.1594719969037596,587,0.9999785600497167,review,C:\Users\Rajan\OneDrive - Accutant Solutions LLC\Accutant RC\ConsultingToolset\ESP\Dataset\Raw PumpCurveImages\runs_bhi2\BHI-000
2026-09-22,Baker Hughes,WME2700,60,0.6807174901032711,533,0.9999885412347037,,0.6076186713048267,531,0.9999926284235062,0.8797606289163866,0.09973442072568517,536,0.9999802532912319,ok,C:\Users\Rajan\OneDrive - Accutant Solutions LLC\Accutant RC\ConsultingToolset\ESP\Dataset\Raw PumpCurveImages\runs_bhi2\BHI-001
2026-09-22,Baker Hughes,WJE1200,60,1.109242153997037,541,0.9999468662655734,,0.48761778380245396,538,0.9999941657376811,0.39220398060646744,0.1579842190527307,545,0.9999759663386649,ok,C:\Users\Rajan\OneDrive - Accutant Solutions LLC\Accutant RC\ConsultingToolset\ESP\Dataset\Raw PumpCurveImages\runs_bhi2\BHI-002
2026-09-22,Baker Hughes,P410,60,2.37930961667377,544,0.9993341783198638,,0.17529523673382363,523,0.9999958523584633,0.73488350248806,0.5255558855565009,554,0.9999149479943791,ok,C:\Users\Rajan\OneDrive - Accutant Solutions LLC\Accutant RC\ConsultingToolset\ESP\Dataset\Raw PumpCurveImages\runs_bhi2\BHI-003
2026-09-22,Baker Hughes,P340,60,0.6615191351343215,566,0.9999435511027924,,0.5079859442086303,562,0.9999939508419613,0.3096635607441982,0.1179354353334494,572,0.9999006673875902,ok,C:\Users\Rajan\OneDrive - Accutant Solutions LLC\Accutant RC\ConsultingToolset\ESP\Dataset\Raw PumpCurveImages\runs_bhi2\BHI-004
2026-09-22,Baker Hughes,WJE1000,60,0.5784270962741185,523,0.9999263076120446,,0.5879729630754592,521,0.9999926007011133,0.36604880201256407,0.09321530969315174,526,0.9999155889033978,ok,C:\Users\Rajan\OneDrive - Accutant Solutions LLC\Accutant RC\ConsultingToolset\ESP\Dataset\Raw PumpCurveImages\runs_bhi2\BHI-005
2026-09-22,Baker Hughes,WJJ1200A,60,0.7827476580159898,512,0.9999847746047201,,0.6135182178657973,540,0.9999936281410713,0.2515592857752793,0.15129430126257867,545,0.9999845048783796,ok,C:\Users\Rajan\OneDrive - Accutant Solutions LLC\Accutant RC\ConsultingToolset\ESP\Dataset\Raw PumpCurveImages\runs_bhi2\BHI-006
2026-09-22,Baker Hughes,WJJ1200B,60,0.9034975418355443,565,0.9999525466930127,,0.35984589323489097,578,0.99999642644521,0.3524787301242398,0.10029841170650208,586,0.9999755940666928,ok,C:\Users\Rajan\OneDrive - Accutant Solutions LLC\Accutant RC\ConsultingToolset\ESP\Dataset\Raw PumpCurveImages\runs_bhi2\BHI-007
2026-09-22,Baker Hughes,WJJ1200C,60,0.7092307101096512,549,0.99996613325975,,0.6059604115677074,547,0.9999948410048879,0.535281574555114,0.07857331308841206,553,0.9999663724394913,ok,C:\Users\Rajan\OneDrive - Accutant Solutions LLC\Accutant RC\ConsultingToolset\ESP\Dataset\Raw PumpCurveImages\runs_bhi2\BHI-008
2026-09-22,Baker Hughes,WJJ1000A,60,1.6969855046074074,571,0.9997835508383567,,0.4979642263756054,588,0.9999951114786922,0.698869514963576,0.13842869854720363,598,0.9999780400435105,ok,C:\Users\Rajan\OneDrive - Accutant Solutions LLC\Accutant RC\ConsultingToolset\ESP\Dataset\Raw PumpCurveImages\runs_bhi2\BHI-009
2026-09-22,Baker Hughes,WJJ1000B,60,1.6741033683744715,453,0.9998069730059481,eff: gap of 17% of flow range in extracted points,0.29833153181152955,542,0.9999964809250781,0.8979702553182136,0.08397949373515134,548,0.9999592047073913,review,C:\Users\Rajan\OneDrive - Accutant Solutions LLC\Accutant RC\ConsultingToolset\ESP\Dataset\Raw PumpCurveImages\runs_bhi2\BHI-010
2026-09-22,Baker Hughes,WJJ1000C,60,1.0920188102131105,502,0.9999048649079412,eff: gap of 13% of flow range in extracted points,0.5697762667382216,577,0.9999956730218302,0.5579476351671246,0.0838929862724105,585,0.999937916331022,review,C:\Users\Rajan\OneDrive - Accutant Solutions LLC\Accutant RC\ConsultingToolset\ESP\Dataset\Raw PumpCurveImages\runs_bhi2\BHI-011
2026-09-22,Baker Hughes,WNE2100,60,1.1145466751840136,583,0.9997602137120415,,0.19846549740634614,575,0.9999942023943407,0.6659231683809068,0.09583056946100821,593,0.9999888665927629,ok,C:\Users\Rajan\OneDrive - Accutant Solutions LLC\Accutant RC\ConsultingToolset\ESP\Dataset\Raw PumpCurveImages\runs_bhi2\BHI-012
2026-09-22,Baker Hughes,WNE1600,60,1.2819367231774519,574,0.999843308307595,,0.3364303033175273,577,0.9999954633665531,0.6520336076564348,0.1528969480632281,599,0.9999680761695945,ok,C:\Users\Rajan\OneDrive - Accutant Solutions LLC\Accutant RC\ConsultingToolset\ESP\Dataset\Raw PumpCurveImages\runs_bhi2\BHI-013
2026-09-22,Baker Hughes,WIE700,60,1.8278483237474161,550,0.9996268676521066,,0.5124609005772869,548,0.9999950103379921,0.9333290551253697,0.11781197648765354,551,0.9999753184637342,ok,C:\Users\Rajan\OneDrive - Accutant Solutions LLC\Accutant RC\ConsultingToolset\ESP\Dataset\Raw PumpCurveImages\runs_bhi2\BHI-014
2026-09-22,Baker Hughes,WIE600,60,0.6447842630626653,590,0.9999709749382946,,0.5955557632354251,589,0.9999941762557343,0.25103336348317384,0.08575449165117532,601,0.9999594101380461,ok,C:\Users\Rajan\OneDrive - Accutant Solutions LLC\Accutant RC\ConsultingToolset\ESP\Dataset\Raw PumpCurveImages\runs_bhi2\BHI-015
2026-09-22,Baker Hughes,P240,60,1.3760471789720754,538,0.9996967366267941,,0.5618570443882233,535,0.9999944384207006,0.5491999974810184,0.14678218575696753,543,0.9999757926012747,ok,C:\Users\Rajan\OneDrive - Accutant Solutions LLC\Accutant RC\ConsultingToolset\ESP\Dataset\Raw PumpCurveImages\runs_bhi2\BHI-016
2026-09-22,Baker Hughes,P210,60,0.6447842630626653,590,0.9999709749382946,,0.5955557632354251,589,0.9999941762557343,0.25103336348317384,0.08575449165117532,601,0.9999594101380461,ok,C:\Users\Rajan\OneDrive - Accutant Solutions LLC\Accutant RC\ConsultingToolset\ESP\Dataset\Raw PumpCurveImages\runs_bhi2\BHI-017
2026-09-22,Baker Hughes,G470,60,0.47962665784252945,569,0.9999619548597269,,0.619379651835209,578,0.999991816706925,0.1067477405976689,0.10454838625280069,596,0.9999897982020303,ok,C:\Users\Rajan\OneDrive - Accutant Solutions LLC\Accutant RC\ConsultingToolset\ESP\Dataset\Raw PumpCurveImages\runs_bhi2\BHI-018
2026-09-22,Baker Hughes,G250,60,0.7829101901377172,511,0.9999065876178951,,0.2523248870926614,465,0.9999906213475231,0.41220678640652153,0.08651485934142501,549,0.99996379996298,ok,C:\Users\Rajan\OneDrive - Accutant Solutions LLC\Accutant RC\ConsultingToolset\ESP\Dataset\Raw PumpCurveImages\runs_bhi2\BHI-019
2026-09-22,Baker Hughes,WIJ700A,60,1.5098596714203283,517,0.9998924835301819,,0.11189596672799576,561,0.9999977322504455,0.36857957556224363,0.1449610723394062,567,0.9999867663543217,ok,C:\Users\Rajan\OneDrive - Accutant Solutions LLC\Accutant RC\ConsultingToolset\ESP\Dataset\Raw PumpCurveImages\runs_bhi2\BHI-020
2026-09-22,Baker Hughes,WIJ700B,60,0.8674869911195158,470,0.9999492390068113,,0.4735039931165157,523,0.9999956118031453,0.32183760564547015,0.0884963763207264,591,0.9999854569845195,ok,C:\Users\Rajan\OneDrive - Accutant Solutions LLC\Accutant RC\ConsultingToolset\ESP\Dataset\Raw PumpCurveImages\runs_bhi2\BHI-021
2026-09-22,Baker Hughes,WIJ700C,60,1.5264533792409631,516,0.9997026245643819,,0.23606741072927798,515,0.9999965214737824,0.45530941570142147,0.23521768351610456,547,0.999968722310205,ok,C:\Users\Rajan\OneDrive - Accutant Solutions LLC\Accutant RC\ConsultingToolset\ESP\Dataset\Raw PumpCurveImages\runs_bhi2\BHI-022
2026-09-22,Baker Hughes,WIJ500A,60,1.7033233544607775,557,0.9998850893766991,,0.45862833970614164,594,0.999996195242908,0.5976108472837538,0.12753302470146596,603,0.9999617351755862,ok,C:\Users\Rajan\OneDrive - Accutant Solutions LLC\Accutant RC\ConsultingToolset\ESP\Dataset\Raw PumpCurveImages\runs_bhi2\BHI-023
2026-09-22,Baker Hughes,WIJ500B,60,0.7390015656878498,496,0.9999614706626927,,0.5827271765131378,580,0.9999958684146543,0.2732351644712878,0.07947265710747065,523,0.9999576254024481,ok,C:\Users\Rajan\OneDrive - Accutant Solutions LLC\Accutant RC\ConsultingToolset\ESP\Dataset\Raw PumpCurveImages\runs_bhi2\BHI-024
2026-09-22,Baker Hughes,WIJ500C,60,1.443599888134622,546,0.9997722003994941,,0.2550635121421136,541,0.9999972596427871,0.7106139047666815,0.1433024201027856,549,0.9999389679887961,ok,C:\Users\Rajan\OneDrive - Accutant Solutions LLC\Accutant RC\ConsultingToolset\ESP\Dataset\Raw PumpCurveImages\runs_bhi2\BHI-025
2026-09-22,Baker Hughes,WH785,60,2.3711554783781987,559,0.9996911299238916,,0.6765660019075614,566,0.9999932125971365,0.5345474159902963,0.11133584963077552,566,0.999974465219984,ok,C:\Users\Rajan\OneDrive - Accutant Solutions LLC\Accutant RC\ConsultingToolset\ESP\Dataset\Raw PumpCurveImages\runs_bhi2\BHI-026
2026-09-22,Baker Hughes,WH585,60,1.1186571337488558,582,0.9999246545185952,,0.61191352669759,576,0.9999934263192647,0.5611982020173585,0.09794477880356686,585,0.9999532551327522,ok,C:\Users\Rajan\OneDrive - Accutant Solutions LLC\Accutant RC\ConsultingToolset\ESP\Dataset\Raw PumpCurveImages\runs_bhi2\BHI-027
2026-09-22,Baker Hughes,WH550,60,1.2509415087861506,555,0.9997741088699131,,0.37245838629855926,548,0.9999959987992257,0.5609362051426601,0.14115729690785422,554,0.9999499765281328,ok,C:\Users\Rajan\OneDrive - Accutant Solutions LLC\Accutant RC\ConsultingToolset\ESP\Dataset\Raw PumpCurveImages\runs_bhi2\BHI-028
2026-09-22,Baker Hughes,WH465,60,0.8925014385167591,578,0.9999241415258241,,0.17729657535339685,563,0.9999967238982387,0.38842249312077115,0.12323996583132371,578,0.9999806590572017,ok,C:\Users\Rajan\OneDrive - Accutant Solutions LLC\Accutant RC\ConsultingToolset\ESP\Dataset\Raw PumpCurveImages\runs_bhi2\BHI-029
2026-09-22,Baker Hughes,WH365,60,0.8544874010612344,564,0.9999188903397893,,0.2960200336114757,557,0.9999960780444718,0.4519903332917252,0.14919966045205413,566,0.9999768290336924,ok,C:\Users\Rajan\OneDrive - Accutant Solutions LLC\Accutant RC\ConsultingToolset\ESP\Dataset\Raw PumpCurveImages\runs_bhi2\BHI-030
2026-09-22,Baker Hughes,WH290,60,1.3575669722343893,578,0.9998304215882925,,0.2923073167535546,566,0.9999948888727181,0.518689663924242,0.161157370708179,583,0.9999823456305142,ok,C:\Users\Rajan\OneDrive - Accutant Solutions LLC\Accutant RC\ConsultingToolset\ESP\Dataset\Raw PumpCurveImages\runs_bhi2\BHI-031
2026-09-22,Baker Hughes,WH225,60,1.7592539906343028,594,0.9997648203677812,,0.2381891950644584,582,0.9999958145508702,0.6725296185954264,0.23189104298470048,599,0.999951485016945,ok,C:\Users\Rajan\OneDrive - Accutant Solutions LLC\Accutant RC\ConsultingToolset\ESP\Dataset\Raw PumpCurveImages\runs_bhi2\BHI-032
2026-09-22,Baker Hughes,HC35000,60,1.0934884268235368,569,0.9998929874144579,,0.5172583636069628,567,0.9999927540329375,0.37971785506873346,0.10267699138961173,564,0.9999872174419769,ok,C:\Users\Rajan\OneDrive - Accutant Solutions LLC\Accutant RC\ConsultingToolset\ESP\Dataset\Raw PumpCurveImages\runs_bhi2\BHI-033
2026-09-22,Baker Hughes,HC27000,60,1.6308095192665089,572,0.999835552515057,,0.6031232041868739,588,0.9999944027615566,0.42549903055245863,0.09479711814847958,506,0.999974972088641,ok,C:\Users\Rajan\OneDrive - Accutant Solutions LLC\Accutant RC\ConsultingToolset\ESP\Dataset\Raw PumpCurveImages\runs_bhi2\BHI-034
2026-09-22,Baker Hughes,HC20000L,60,0.701561693793635,547,0.9999697909139945,,0.6547009231127746,541,0.999992700750896,0.4598904344497683,0.10690137354646578,554,0.9999352353369669,ok,C:\Users\Rajan\OneDrive - Accutant Solutions LLC\Accutant RC\ConsultingToolset\ESP\Dataset\Raw PumpCurveImages\runs_bhi2\BHI-035
2026-09-22,Baker Hughes,HC20000,60,1.000021227533062,582,0.9999187336848384,,0.6268533110208349,580,0.9999924360675011,0.39898157659931144,0.09831644814106123,584,0.9999790955078899,ok,C:\Users\Rajan\OneDrive - Accutant Solutions LLC\Accutant RC\ConsultingToolset\ESP\Dataset\Raw PumpCurveImages\runs_bhi2\BHI-036
2026-09-22,Baker Hughes,HC16000,60,0.8914106231211221,578,0.9999245790010138,,0.17757508760931312,563,0.9999966922198145,0.36898495977497703,0.12410825170567036,578,0.9999809743328388,ok,C:\Users\Rajan\OneDrive - Accutant Solutions LLC\Accutant RC\ConsultingToolset\ESP\Dataset\Raw PumpCurveImages\runs_bhi2\BHI-037
2026-09-22,Baker Hughes,HC12500,60,0.2871365962511109,525,0.9999892167883846,,0.2782214369190446,511,0.9999966530789657,0.46012911216690355,0.11482948641721691,568,0.999973113826639,ok,C:\Users\Rajan\OneDrive - Accutant Solutions LLC\Accutant RC\ConsultingToolset\ESP\Dataset\Raw PumpCurveImages\runs_bhi2\BHI-038
2026-09-22,Baker Hughes,HC10000,60,1.0806626749646497,550,0.9999319120462504,,0.5455753122197787,546,0.99999424141705,0.3551246552625784,0.13650135363071994,582,0.9999796921960531,ok,C:\Users\Rajan\OneDrive - Accutant Solutions LLC\Accutant RC\ConsultingToolset\ESP\Dataset\Raw PumpCurveImages\runs_bhi2\BHI-039
2026-09-22,Baker Hughes,HC7800,60,1.6010557453501066,582,0.999780289724471,,0.49512431299194987,578,0.9999934354160444,0.7015049376628752,0.09025501859690754,570,0.9999520673896123,ok,C:\Users\Rajan\OneDrive - Accutant Solutions LLC\Accutant RC\ConsultingToolset\ESP\Dataset\Raw PumpCurveImages\runs_bhi2\BHI-040
2026-09-22,Baker Hughes,G200,60,1.0299278538015488,480,0.999853951176305,,0.5792889863409872,425,0.9999901832483961,0.46313441095709607,0.18384036614955412,472,0.9999843509396026,ok,C:\Users\Rajan\OneDrive - Accutant Solutions LLC\Accutant RC\ConsultingToolset\ESP\Dataset\Raw PumpCurveImages\runs_bhi2\BHI-041
2026-09-22,Baker Hughes,P200,60,0.736687826944854,573,0.999934232411931,,0.3789142845011055,573,0.9999932099164279,0.4602099509513522,0.10276673872459964,578,0.9999762764409011,ok,C:\Users\Rajan\OneDrive - Accutant Solutions LLC\Accutant RC\ConsultingToolset\ESP\Dataset\Raw PumpCurveImages\runs_bhi2\BHI-042
2026-09-22,Baker Hughes,P155,60,0.8344772401530356,513,0.9998511858706113,,0.28990743139929553,517,0.999994792515283,0.2992174476310083,0.08860158328920228,554,0.99998152939451,ok,C:\Users\Rajan\OneDrive - Accutant Solutions LLC\Accutant RC\ConsultingToolset\ESP\Dataset\Raw PumpCurveImages\runs_bhi2\BHI-043
2026-09-22,Baker Hughes,P110,60,0.6077621420542033,554,0.9998865972115558,,0.2996120576649871,536,0.9999953234234257,0.38561810682177367,0.109400657799403,582,0.9999409788204471,ok,C:\Users\Rajan\OneDrive - Accutant Solutions LLC\Accutant RC\ConsultingToolset\ESP\Dataset\Raw PumpCurveImages\runs_bhi2\BHI-044
2026-09-22,Baker Hughes,G110LS,60,0.8271426020508491,523,0.9998419089357097,,0.3467831497673343,525,0.9999932908868617,0.23397616005662059,0.14229381620370318,571,0.9999855840985113,ok,C:\Users\Rajan\OneDrive - Accutant Solutions LLC\Accutant RC\ConsultingToolset\ESP\Dataset\Raw PumpCurveImages\runs_bhi2\BHI-045
2026-09-22,Baker Hughes,P100LS,60,0.47149465540479757,530,0.9999820997076545,,0.565779527376528,546,0.9999929778384571,0.18579275471930856,0.08380665714118099,583,0.9999777326845675,ok,C:\Users\Rajan\OneDrive - Accutant Solutions LLC\Accutant RC\ConsultingToolset\ESP\Dataset\Raw PumpCurveImages\runs_bhi2\BHI-046
2026-09-22,Baker Hughes,P100,60,0.47149465540479757,530,0.9999820997076545,,0.565779527376528,546,0.9999929778384571,0.18579275471930856,0.08380665714118099,583,0.9999777326845675,ok,C:\Users\Rajan\OneDrive - Accutant Solutions LLC\Accutant RC\ConsultingToolset\ESP\Dataset\Raw PumpCurveImages\runs_bhi2\BHI-047
2026-09-22,Baker Hughes,GINPSHH,60,0.7646464392006328,527,0.9998864006393033,,0.6145263280301999,527,0.9999923953151726,0.30504673861588216,0.14157356958996872,530,0.9999204551100347,ok,C:\Users\Rajan\OneDrive - Accutant Solutions LLC\Accutant RC\ConsultingToolset\ESP\Dataset\Raw PumpCurveImages\runs_bhi2\BHI-048
2026-09-22,Baker Hughes,P75LS,60,0.5433174557055499,516,0.9999302703300433,,0.4537811565363635,509,0.9999940791941808,0.29451186610160107,0.16389454647939755,538,0.9999009544552535,ok,C:\Users\Rajan\OneDrive - Accutant Solutions LLC\Accutant RC\ConsultingToolset\ESP\Dataset\Raw PumpCurveImages\runs_bhi2\BHI-049
2026-09-22,Baker Hughes,P75,60,0.5433174557055499,516,0.9999302703300433,,0.4537811565363635,509,0.9999940791941808,0.29451186610160107,0.16389454647939755,538,0.9999009544552535,ok,C:\Users\Rajan\OneDrive - Accutant Solutions LLC\Accutant RC\ConsultingToolset\ESP\Dataset\Raw PumpCurveImages\runs_bhi2\BHI-050
2026-09-22,Baker Hughes,G68LS,60,0.4304631509043973,509,0.9998959663502539,,0.2623612647872675,424,0.9999952956760553,0.2978111602710598,0.1398465679063718,533,0.9999346319395088,ok,C:\Users\Rajan\OneDrive - Accutant Solutions LLC\Accutant RC\ConsultingToolset\ESP\Dataset\Raw PumpCurveImages\runs_bhi2\BHI-051
2026-09-22,Baker Hughes,P62LS,60,0.8914280997162061,603,0.9999432386113978,,0.27843899606853734,598,0.9999960069540238,0.34338918535186025,0.17216650197586367,604,0.9998976760723259,ok,C:\Users\Rajan\OneDrive - Accutant Solutions LLC\Accutant RC\ConsultingToolset\ESP\Dataset\Raw PumpCurveImages\runs_bhi2\BHI-052
2026-09-22,Baker Hughes,P62,60,0.8914280997162061,603,0.9999432386113978,,0.27843899606853734,598,0.9999960069540238,0.34338918535186025,0.17216650197586367,604,0.9998976760723259,ok,C:\Users\Rajan\OneDrive - Accutant Solutions LLC\Accutant RC\ConsultingToolset\ESP\Dataset\Raw PumpCurveImages\runs_bhi2\BHI-053
2026-09-22,Baker Hughes,P47,60,0.30805898595289755,539,0.9999726539648006,,0.21289995837405892,524,0.9999940857921961,0.10564074434354609,0.17212539749384603,571,0.9999348988948267,ok,C:\Users\Rajan\OneDrive - Accutant Solutions LLC\Accutant RC\ConsultingToolset\ESP\Dataset\Raw PumpCurveImages\runs_bhi2\BHI-054
2026-09-22,Baker Hughes,P37,60,0.6617582490842402,541,0.999903433972958,,0.29240430632772935,522,0.9999932056937783,0.19415496776376528,0.09504452610421858,587,0.9999848594718617,ok,C:\Users\Rajan\OneDrive - Accutant Solutions LLC\Accutant RC\ConsultingToolset\ESP\Dataset\Raw PumpCurveImages\runs_bhi2\BHI-055
2026-09-22,Baker Hughes,P31,60,0.5126874711330237,525,0.9998942590245825,,0.2925898390144466,503,0.9999943078465526,0.2840193378000748,0.10882160677343228,559,0.999963515171742,ok,C:\Users\Rajan\OneDrive - Accutant Solutions LLC\Accutant RC\ConsultingToolset\ESP\Dataset\Raw PumpCurveImages\runs_bhi2\BHI-056
2026-09-22,Baker Hughes,G31,60,0.8835924134279981,581,0.9998662195287968,,0.591616899580684,581,0.9999936551902221,0.24203770378094447,0.16099162942536122,525,0.9999884065150533,ok,C:\Users\Rajan\OneDrive - Accutant Solutions LLC\Accutant RC\ConsultingToolset\ESP\Dataset\Raw PumpCurveImages\runs_bhi2\BHI-057
2026-09-22,Baker Hughes,P23,60,1.2132531279777963,549,0.9994644066793853,,0.3134645777997916,553,0.9999960227861714,0.7014524869819745,0.11702269008130621,565,0.9999711048934214,ok,C:\Users\Rajan\OneDrive - Accutant Solutions LLC\Accutant RC\ConsultingToolset\ESP\Dataset\Raw PumpCurveImages\runs_bhi2\BHI-058
2026-09-22,Baker Hughes,P17,60,0.6770452855469544,525,0.9998879297973641,,0.17747843279924794,513,0.9999958699892018,0.24934086950000278,0.09009312406194138,530,0.999867042110811,ok,C:\Users\Rajan\OneDrive - Accutant Solutions LLC\Accutant RC\ConsultingToolset\ESP\Dataset\Raw PumpCurveImages\runs_bhi2\BHI-059
2026-09-22,Baker Hughes,P11,60,0.2705536403989057,537,0.9999788136993681,,0.31083204972929374,538,0.9999960159035366,0.1398437725659143,0.0927403131027154,547,0.9999703285900667,ok,C:\Users\Rajan\OneDrive - Accutant Solutions LLC\Accutant RC\ConsultingToolset\ESP\Dataset\Raw PumpCurveImages\runs_bhi2\BHI-060
2026-09-22,Baker Hughes,P60,60,0.6006452474920322,570,0.9999737633476757,,0.549209716302361,567,0.9999920616628741,0.27525994434306966,0.11615174387128381,573,0.9999745500267395,ok,C:\Users\Rajan\OneDrive - Accutant Solutions LLC\Accutant RC\ConsultingToolset\ESP\Dataset\Raw PumpCurveImages\runs_bhi2\BHI-061
2026-09-22,Baker Hughes,P43,60,1.1106324100880278,594,0.9998897472190221,,0.35484242030763213,590,0.9999945887164825,0.4760045960759669,0.08215510360495822,600,0.9999516332814672,ok,C:\Users\Rajan\OneDrive - Accutant Solutions LLC\Accutant RC\ConsultingToolset\ESP\Dataset\Raw PumpCurveImages\runs_bhi2\BHI-062
2026-09-22,Baker Hughes,G42,60,0.34866345451616176,527,0.9999645392866255,,0.29289179520118513,531,0.9999948971564271,0.14817300379645815,0.18118432666582437,544,0.9999814291052305,ok,C:\Users\Rajan\OneDrive - Accutant Solutions LLC\Accutant RC\ConsultingToolset\ESP\Dataset\Raw PumpCurveImages\runs_bhi2\BHI-063
2026-09-22,Baker Hughes,P35,60,0.9565706817758077,535,0.9998798562362532,,0.602331368560182,534,0.99999318898766,0.5726945640404111,0.12457480156099927,546,0.999951158436243,ok,C:\Users\Rajan\OneDrive - Accutant Solutions LLC\Accutant RC\ConsultingToolset\ESP\Dataset\Raw PumpCurveImages\runs_bhi2\BHI-064
2026-09-22,Baker Hughes,GINPSHL,60,0.7467537056032247,565,0.9998814653044419,,0.5501797571241663,562,0.9999920641015737,0.3105552531627751,0.08457742528843057,574,0.9999438589750584,ok,C:\Users\Rajan\OneDrive - Accutant Solutions LLC\Accutant RC\ConsultingToolset\ESP\Dataset\Raw PumpCurveImages\runs_bhi2\BHI-065
2026-09-22,Baker Hughes,P30,60,0.5212905033222989,573,0.9999772823097026,,0.2387666225399804,569,0.9999959062592495,0.14413544009533297,0.15018396628353026,599,0.999948358270406,ok,C:\Users\Rajan\OneDrive - Accutant Solutions LLC\Accutant RC\ConsultingToolset\ESP\Dataset\Raw PumpCurveImages\runs_bhi2\BHI-066
2026-09-22,Baker Hughes,P29,60,1.1531964606786007,569,0.9997234171618887,,0.2604014733915952,554,0.9999937624805667,0.5609585116365423,0.09688857044792665,604,0.999774851540092,ok,C:\Users\Rajan\OneDrive - Accutant Solutions LLC\Accutant RC\ConsultingToolset\ESP\Dataset\Raw PumpCurveImages\runs_bhi2\BHI-067
2026-09-22,Baker Hughes,P22,60,0.3612800784502474,569,0.9999703926304546,,0.24619495307364914,567,0.999996156582184,0.11821436458765078,0.10309849874235641,595,0.9999725897157232,ok,C:\Users\Rajan\OneDrive - Accutant Solutions LLC\Accutant RC\ConsultingToolset\ESP\Dataset\Raw PumpCurveImages\runs_bhi2\BHI-068
2026-09-22,Baker Hughes,G22,60,1.0667446095638085,520,0.9997168994648394,,0.5662714475446732,530,0.9999897186714135,0.48980081920910834,0.0835502037328802,576,0.9999902337883642,ok,C:\Users\Rajan\OneDrive - Accutant Solutions LLC\Accutant RC\ConsultingToolset\ESP\Dataset\Raw PumpCurveImages\runs_bhi2\BHI-069
2026-09-22,Baker Hughes,P18,60,0.4545052363307213,540,0.999986240373817,,0.5900252571227856,549,0.9999942360588707,0.17462461354512726,0.16210908268400157,541,0.9998136129953007,ok,C:\Users\Rajan\OneDrive - Accutant Solutions LLC\Accutant RC\ConsultingToolset\ESP\Dataset\Raw PumpCurveImages\runs_bhi2\BHI-070
2026-09-22,Baker Hughes,P16,60,0.9160247308489918,563,0.9999228138882537,,0.6435327618231992,573,0.9999909878934418,0.27925050673437113,0.1660015080055354,585,0.9999558811930456,ok,C:\Users\Rajan\OneDrive - Accutant Solutions LLC\Accutant RC\ConsultingToolset\ESP\Dataset\Raw PumpCurveImages\runs_bhi2\BHI-071
2026-09-22,Baker Hughes,G12,60,0.9691439378157233,554,0.9996481129263839,,0.2083094198303143,556,0.9999965765503299,0.33457464642441437,0.12773456646443487,577,0.999982407266159,ok,C:\Users\Rajan\OneDrive - Accutant Solutions LLC\Accutant RC\ConsultingToolset\ESP\Dataset\Raw PumpCurveImages\runs_bhi2\BHI-072
2026-09-22,Baker Hughes,P12,60,0.6604330765063124,530,0.9998725126279365,,0.13516065436840657,537,0.9999961219920467,0.308919475036852,0.18628665845267564,577,0.9999665415880317,ok,C:\Users\Rajan\OneDrive - Accutant Solutions LLC\Accutant RC\ConsultingToolset\ESP\Dataset\Raw PumpCurveImages\runs_bhi2\BHI-073
2026-09-22,Baker Hughes,P10,60,2.1287465345307375,531,0.9996508964236449,,0.3843880102967804,526,0.9999953827327168,0.6521782693936373,0.14038551847185435,544,0.9999836519183707,ok,C:\Users\Rajan\OneDrive - Accutant Solutions LLC\Accutant RC\ConsultingToolset\ESP\Dataset\Raw PumpCurveImages\runs_bhi2\BHI-074
2026-09-22,Baker Hughes,P8,60,0.8802093519931041,516,0.9999009667989234,,0.9765531892850142,522,0.9999880909150198,0.1761830633117185,0.08374700084642135,536,0.9999867236663842,ok,C:\Users\Rajan\OneDrive - Accutant Solutions LLC\Accutant RC\ConsultingToolset\ESP\Dataset\Raw PumpCurveImages\runs_bhi2\BHI-075
2026-09-22,Baker Hughes,P6,60,0.38601043349028796,561,0.9999560730803957,,0.1797207548413905,559,0.9999968059944855,0.13996025210762753,0.15950027985709592,569,0.999968826837384,ok,C:\Users\Rajan\OneDrive - Accutant Solutions LLC\Accutant RC\ConsultingToolset\ESP\Dataset\Raw PumpCurveImages\runs_bhi2\BHI-076
2026-09-22,Baker Hughes,P4,60,0.40395034468216934,566,0.9999275785885805,,0.21185801119763745,579,0.9999967995497785,0.16063431391260963,0.640788080385771,580,0.9998942232380593,ok,C:\Users\Rajan\OneDrive - Accutant Solutions LLC\Accutant RC\ConsultingToolset\ESP\Dataset\Raw PumpCurveImages\runs_bhi2\BHI-077
2026-09-22,Baker Hughes,P4L,60,0.6865346741519114,516,0.9998973256211535,,0.3209749514540767,527,0.9999958784031953,0.14457162895183373,0.12753911490296235,541,0.9999826600494669,ok,C:\Users\Rajan\OneDrive - Accutant Solutions LLC\Accutant RC\ConsultingToolset\ESP\Dataset\Raw PumpCurveImages\runs_bhi2\BHI-078
2026-09-22,Baker Hughes,G4,60,0.2461452904522966,578,0.9999178199396188,,0.26165731435210726,564,0.9999976665999639,0.14952924476792973,0.07694273583818759,598,0.9999739736017477,ok,C:\Users\Rajan\OneDrive - Accutant Solutions LLC\Accutant RC\ConsultingToolset\ESP\Dataset\Raw PumpCurveImages\runs_bhi2\BHI-079
2026-09-22,Baker Hughes,P3,60,0.3866837131669471,557,0.9999531562658875,,0.28071171197210854,522,0.9999961615034384,0.1738775141888098,0.09158265451234186,565,0.9999609555764105,ok,C:\Users\Rajan\OneDrive - Accutant Solutions LLC\Accutant RC\ConsultingToolset\ESP\Dataset\Raw PumpCurveImages\runs_bhi2\BHI-080
2026-09-22,Baker Hughes,P1-5,60,0.5104883163703183,586,0.9994607901637221,,0.5804484882217233,579,0.9999940997594613,0.10638046219573738,0.08157952893493604,586,0.9994740712873056,ok,C:\Users\Rajan\OneDrive - Accutant Solutions LLC\Accutant RC\ConsultingToolset\ESP\Dataset\Raw PumpCurveImages\runs_bhi2\BHI-081
2026-09-22,Baker Hughes,DC2500,60,0.2608522109327595,574,0.9999855788403913,,0.5644787249020784,571,0.9999935209451603,0.17631165842686158,0.162085619561901,577,0.999965311840833,ok,C:\Users\Rajan\OneDrive - Accutant Solutions LLC\Accutant RC\ConsultingToolset\ESP\Dataset\Raw PumpCurveImages\runs_bhi2\BHI-082
2026-09-22,Baker Hughes,DC2200,60,1.9659765222914978,542,0.9995396913067003,,0.38945456520824445,534,0.9999956832721022,0.5755780550028788,0.2728488243104117,531,0.9999595328107366,ok,C:\Users\Rajan\OneDrive - Accutant Solutions LLC\Accutant RC\ConsultingToolset\ESP\Dataset\Raw PumpCurveImages\runs_bhi2\BHI-083
2026-09-22,Baker Hughes,DC1250,60,1.5742636016650369,567,0.9997867565423435,,0.20674835081577075,545,0.9999975974111791,0.4993988521046724,0.17561910568554162,579,0.9999517339902974,ok,C:\Users\Rajan\OneDrive - Accutant Solutions LLC\Accutant RC\ConsultingToolset\ESP\Dataset\Raw PumpCurveImages\runs_bhi2\BHI-084
2026-09-22,Baker Hughes,DC950,60,0.5020375497508643,545,0.9999726684501987,,0.27446133839189313,527,0.9999954575574367,0.19320114990583193,0.12534705457340717,556,0.9999731364744304,ok,C:\Users\Rajan\OneDrive - Accutant Solutions LLC\Accutant RC\ConsultingToolset\ESP\Dataset\Raw PumpCurveImages\runs_bhi2\BHI-085
2026-09-22,Baker Hughes,DC750,60,0.5294023736193463,604,0.9999511845415892,,0.38523315911892436,601,0.9999952261180944,0.23992884650346724,0.09576447973659437,613,0.9999744582483422,ok,C:\Users\Rajan\OneDrive - Accutant Solutions LLC\Accutant RC\ConsultingToolset\ESP\Dataset\Raw PumpCurveImages\runs_bhi2\BHI-086
2026-09-22,Baker Hughes,DC550,60,0.46255393888719376,545,0.9999351342521354,,0.4155608213056893,540,0.999995464129936,0.28891591803817107,0.13227703120180812,531,0.9999744486963107,ok,C:\Users\Rajan\OneDrive - Accutant Solutions LLC\Accutant RC\ConsultingToolset\ESP\Dataset\Raw PumpCurveImages\runs_bhi2\BHI-087
