sheet,page,workdir,status,flags,head_r2,head_max_resid_pct,power_r2,power_max_resid_pct,eff_r2,eff_max_resid_pct,hyd_check_pts
C:/Users/Rajan/OneDrive - Accutant Solutions LLC/Accutant RC/ConsultingToolset/ESP/Dataset/Raw PumpCurveImages/BHI\BHI-000.png,1,C:\Users\Rajan\OneDrive - Accutant Solutions LLC\Accutant RC\ConsultingToolset\ESP\Dataset\Raw PumpCurveImages\runs_bhi2\BHI-000,review,"eff: max residual 5.62% of axis span; eff: degree 6 would meet the residual limit (1.82% of span) -- extraction looks clean, 5th-degree form is limiting",0.999996338049668,0.5087245654651716,0.9999785600497167,0.1594719969037596,0.9992669921627318,5.615110553173112,0.9724046598788902
C:/Users/Rajan/OneDrive - Accutant Solutions LLC/Accutant RC/ConsultingToolset/ESP/Dataset/Raw PumpCurveImages/BHI\BHI-001.png,1,C:\Users\Rajan\OneDrive - Accutant Solutions LLC\Accutant RC\ConsultingToolset\ESP\Dataset\Raw PumpCurveImages\runs_bhi2\BHI-001,ok,,0.9999926284235062,0.6076186713048267,0.9999802532912319,0.09973442072568517,0.9999885412347037,0.6807174901032711,0.8797606289163866
C:/Users/Rajan/OneDrive - Accutant Solutions LLC/Accutant RC/ConsultingToolset/ESP/Dataset/Raw PumpCurveImages/BHI\BHI-002.png,1,C:\Users\Rajan\OneDrive - Accutant Solutions LLC\Accutant RC\ConsultingToolset\ESP\Dataset\Raw PumpCurveImages\runs_bhi2\BHI-002,needs-axes,template roles not found: ['eff (right:1)'],,,,,,,
C:/Users/Rajan/OneDrive - Accutant Solutions LLC/Accutant RC/ConsultingToolset/ESP/Dataset/Raw PumpCurveImages/BHI\BHI-003.png,1,C:\Users\Rajan\OneDrive - Accutant Solutions LLC\Accutant RC\ConsultingToolset\ESP\Dataset\Raw PumpCurveImages\runs_bhi2\BHI-003,needs-axes,template roles not found: ['eff (right:1)'],,,,,,,
C:/Users/Rajan/OneDrive - Accutant Solutions LLC/Accutant RC/ConsultingToolset/ESP/Dataset/Raw PumpCurveImages/BHI\BHI-004.png,1,C:\Users\Rajan\OneDrive - Accutant Solutions LLC\Accutant RC\ConsultingToolset\ESP\Dataset\Raw PumpCurveImages\runs_bhi2\BHI-004,needs-axes,template roles not found: ['eff (right:1)'],,,,,,,
C:/Users/Rajan/OneDrive - Accutant Solutions LLC/Accutant RC/ConsultingToolset/ESP/Dataset/Raw PumpCurveImages/BHI\BHI-005.png,1,C:\Users\Rajan\OneDrive - Accutant Solutions LLC\Accutant RC\ConsultingToolset\ESP\Dataset\Raw PumpCurveImages\runs_bhi2\BHI-005,needs-axes,template roles not found: ['eff (right:1)'],,,,,,,
C:/Users/Rajan/OneDrive - Accutant Solutions LLC/Accutant RC/ConsultingToolset/ESP/Dataset/Raw PumpCurveImages/BHI\BHI-006.png,1,C:\Users\Rajan\OneDrive - Accutant Solutions LLC\Accutant RC\ConsultingToolset\ESP\Dataset\Raw PumpCurveImages\runs_bhi2\BHI-006,needs-axes,template roles not found: ['eff (right:1)'],,,,,,,
C:/Users/Rajan/OneDrive - Accutant Solutions LLC/Accutant RC/ConsultingToolset/ESP/Dataset/Raw PumpCurveImages/BHI\BHI-007.png,1,C:\Users\Rajan\OneDrive - Accutant Solutions LLC\Accutant RC\ConsultingToolset\ESP\Dataset\Raw PumpCurveImages\runs_bhi2\BHI-007,needs-axes,template roles not found: ['eff (right:1)'],,,,,,,
C:/Users/Rajan/OneDrive - Accutant Solutions LLC/Accutant RC/ConsultingToolset/ESP/Dataset/Raw PumpCurveImages/BHI\BHI-008.png,1,C:\Users\Rajan\OneDrive - Accutant Solutions LLC\Accutant RC\ConsultingToolset\ESP\Dataset\Raw PumpCurveImages\runs_bhi2\BHI-008,needs-axes,template roles not found: ['eff (right:1)'],,,,,,,
C:/Users/Rajan/OneDrive - Accutant Solutions LLC/Accutant RC/ConsultingToolset/ESP/Dataset/Raw PumpCurveImages/BHI\BHI-009.png,1,C:\Users\Rajan\OneDrive - Accutant Solutions LLC\Accutant RC\ConsultingToolset\ESP\Dataset\Raw PumpCurveImages\runs_bhi2\BHI-009,needs-axes,template roles not found: ['eff (right:1)'],,,,,,,
C:/Users/Rajan/OneDrive - Accutant Solutions LLC/Accutant RC/ConsultingToolset/ESP/Dataset/Raw PumpCurveImages/BHI\BHI-010.png,1,C:\Users\Rajan\OneDrive - Accutant Solutions LLC\Accutant RC\ConsultingToolset\ESP\Dataset\Raw PumpCurveImages\runs_bhi2\BHI-010,needs-axes,template roles not found: ['eff (right:1)'],,,,,,,
C:/Users/Rajan/OneDrive - Accutant Solutions LLC/Accutant RC/ConsultingToolset/ESP/Dataset/Raw PumpCurveImages/BHI\BHI-011.png,1,C:\Users\Rajan\OneDrive - Accutant Solutions LLC\Accutant RC\ConsultingToolset\ESP\Dataset\Raw PumpCurveImages\runs_bhi2\BHI-011,needs-axes,template roles not found: ['eff (right:1)'],,,,,,,
C:/Users/Rajan/OneDrive - Accutant Solutions LLC/Accutant RC/ConsultingToolset/ESP/Dataset/Raw PumpCurveImages/BHI\BHI-012.png,1,C:\Users\Rajan\OneDrive - Accutant Solutions LLC\Accutant RC\ConsultingToolset\ESP\Dataset\Raw PumpCurveImages\runs_bhi2\BHI-012,needs-axes,template roles not found: ['eff (right:1)'],,,,,,,
C:/Users/Rajan/OneDrive - Accutant Solutions LLC/Accutant RC/ConsultingToolset/ESP/Dataset/Raw PumpCurveImages/BHI\BHI-013.png,1,C:\Users\Rajan\OneDrive - Accutant Solutions LLC\Accutant RC\ConsultingToolset\ESP\Dataset\Raw PumpCurveImages\runs_bhi2\BHI-013,needs-axes,template roles not found: ['eff (right:1)'],,,,,,,
C:/Users/Rajan/OneDrive - Accutant Solutions LLC/Accutant RC/ConsultingToolset/ESP/Dataset/Raw PumpCurveImages/BHI\BHI-014.png,1,C:\Users\Rajan\OneDrive - Accutant Solutions LLC\Accutant RC\ConsultingToolset\ESP\Dataset\Raw PumpCurveImages\runs_bhi2\BHI-014,ok,,0.9999950103379921,0.5124609005772869,0.9999753184637342,0.11781197648765354,0.9996268676521066,1.8278483237474161,0.9333290551253697
C:/Users/Rajan/OneDrive - Accutant Solutions LLC/Accutant RC/ConsultingToolset/ESP/Dataset/Raw PumpCurveImages/BHI\BHI-015.png,1,C:\Users\Rajan\OneDrive - Accutant Solutions LLC\Accutant RC\ConsultingToolset\ESP\Dataset\Raw PumpCurveImages\runs_bhi2\BHI-015,ok,,0.9999941762557343,0.5955557632354251,0.9999594101380461,0.08575449165117532,0.9999709749382946,0.6447842630626653,0.25103336348317384
C:/Users/Rajan/OneDrive - Accutant Solutions LLC/Accutant RC/ConsultingToolset/ESP/Dataset/Raw PumpCurveImages/BHI\BHI-016.png,1,C:\Users\Rajan\OneDrive - Accutant Solutions LLC\Accutant RC\ConsultingToolset\ESP\Dataset\Raw PumpCurveImages\runs_bhi2\BHI-016,ok,,0.9999944384207006,0.5618570443882233,0.9999757926012747,0.14678218575696753,0.9996967366267941,1.3760471789720754,0.5491999974810184
C:/Users/Rajan/OneDrive - Accutant Solutions LLC/Accutant RC/ConsultingToolset/ESP/Dataset/Raw PumpCurveImages/BHI\BHI-017.png,1,C:\Users\Rajan\OneDrive - Accutant Solutions LLC\Accutant RC\ConsultingToolset\ESP\Dataset\Raw PumpCurveImages\runs_bhi2\BHI-017,ok,,0.9999941762557343,0.5955557632354251,0.9999594101380461,0.08575449165117532,0.9999709749382946,0.6447842630626653,0.25103336348317384
C:/Users/Rajan/OneDrive - Accutant Solutions LLC/Accutant RC/ConsultingToolset/ESP/Dataset/Raw PumpCurveImages/BHI\BHI-018.png,1,C:\Users\Rajan\OneDrive - Accutant Solutions LLC\Accutant RC\ConsultingToolset\ESP\Dataset\Raw PumpCurveImages\runs_bhi2\BHI-018,needs-axes,template roles not found: ['eff (right:1)'],,,,,,,
C:/Users/Rajan/OneDrive - Accutant Solutions LLC/Accutant RC/ConsultingToolset/ESP/Dataset/Raw PumpCurveImages/BHI\BHI-019.png,1,C:\Users\Rajan\OneDrive - Accutant Solutions LLC\Accutant RC\ConsultingToolset\ESP\Dataset\Raw PumpCurveImages\runs_bhi2\BHI-019,ok,,0.9999906213475231,0.2523248870926614,0.99996379996298,0.08651485934142501,0.9999065876178951,0.7829101901377172,0.41220678640652153
C:/Users/Rajan/OneDrive - Accutant Solutions LLC/Accutant RC/ConsultingToolset/ESP/Dataset/Raw PumpCurveImages/BHI\BHI-020.png,1,C:\Users\Rajan\OneDrive - Accutant Solutions LLC\Accutant RC\ConsultingToolset\ESP\Dataset\Raw PumpCurveImages\runs_bhi2\BHI-020,ok,,0.9999977322504455,0.11189596672799576,0.9999867663543217,0.1449610723394062,0.9998924835301819,1.5098596714203283,0.36857957556224363
C:/Users/Rajan/OneDrive - Accutant Solutions LLC/Accutant RC/ConsultingToolset/ESP/Dataset/Raw PumpCurveImages/BHI\BHI-021.png,1,C:\Users\Rajan\OneDrive - Accutant Solutions LLC\Accutant RC\ConsultingToolset\ESP\Dataset\Raw PumpCurveImages\runs_bhi2\BHI-021,ok,,0.9999956118031453,0.4735039931165157,0.9999854569845195,0.0884963763207264,0.9999492390068113,0.8674869911195158,0.32183760564547015
C:/Users/Rajan/OneDrive - Accutant Solutions LLC/Accutant RC/ConsultingToolset/ESP/Dataset/Raw PumpCurveImages/BHI\BHI-022.png,1,C:\Users\Rajan\OneDrive - Accutant Solutions LLC\Accutant RC\ConsultingToolset\ESP\Dataset\Raw PumpCurveImages\runs_bhi2\BHI-022,ok,,0.9999965214737824,0.23606741072927798,0.999968722310205,0.23521768351610456,0.9997026245643819,1.5264533792409631,0.45530941570142147
C:/Users/Rajan/OneDrive - Accutant Solutions LLC/Accutant RC/ConsultingToolset/ESP/Dataset/Raw PumpCurveImages/BHI\BHI-023.png,1,C:\Users\Rajan\OneDrive - Accutant Solutions LLC\Accutant RC\ConsultingToolset\ESP\Dataset\Raw PumpCurveImages\runs_bhi2\BHI-023,ok,,0.999996195242908,0.45862833970614164,0.9999617351755862,0.12753302470146596,0.9998850893766991,1.7033233544607775,0.5976108472837538
C:/Users/Rajan/OneDrive - Accutant Solutions LLC/Accutant RC/ConsultingToolset/ESP/Dataset/Raw PumpCurveImages/BHI\BHI-024.png,1,C:\Users\Rajan\OneDrive - Accutant Solutions LLC\Accutant RC\ConsultingToolset\ESP\Dataset\Raw PumpCurveImages\runs_bhi2\BHI-024,ok,,0.9999958684146543,0.5827271765131378,0.9999576254024481,0.07947265710747065,0.9999614706626927,0.7390015656878498,0.2732351644712878
C:/Users/Rajan/OneDrive - Accutant Solutions LLC/Accutant RC/ConsultingToolset/ESP/Dataset/Raw PumpCurveImages/BHI\BHI-025.png,1,C:\Users\Rajan\OneDrive - Accutant Solutions LLC\Accutant RC\ConsultingToolset\ESP\Dataset\Raw PumpCurveImages\runs_bhi2\BHI-025,review,head: gap of 20% of flow range in extracted points,0.9999977652952836,0.25322246371791773,0.9999389679887961,0.1433024201027856,0.9997834394392325,1.3813393676934502,0.6407033870660541
C:/Users/Rajan/OneDrive - Accutant Solutions LLC/Accutant RC/ConsultingToolset/ESP/Dataset/Raw PumpCurveImages/BHI\BHI-026.png,1,C:\Users\Rajan\OneDrive - Accutant Solutions LLC\Accutant RC\ConsultingToolset\ESP\Dataset\Raw PumpCurveImages\runs_bhi2\BHI-026,needs-axes,template roles not found: ['x (bottom:0)'],,,,,,,
C:/Users/Rajan/OneDrive - Accutant Solutions LLC/Accutant RC/ConsultingToolset/ESP/Dataset/Raw PumpCurveImages/BHI\BHI-027.png,1,C:\Users\Rajan\OneDrive - Accutant Solutions LLC\Accutant RC\ConsultingToolset\ESP\Dataset\Raw PumpCurveImages\runs_bhi2\BHI-027,ok,,0.9999934263192647,0.61191352669759,0.9999532551327522,0.09794477880356686,0.9999246545185952,1.1186571337488558,0.5611982020173585
C:/Users/Rajan/OneDrive - Accutant Solutions LLC/Accutant RC/ConsultingToolset/ESP/Dataset/Raw PumpCurveImages/BHI\BHI-028.png,1,C:\Users\Rajan\OneDrive - Accutant Solutions LLC\Accutant RC\ConsultingToolset\ESP\Dataset\Raw PumpCurveImages\runs_bhi2\BHI-028,ok,,0.9999959987992257,0.37245838629855926,0.9999499765281328,0.14115729690785422,0.9997741088699131,1.2509415087861506,0.5609362051426601
C:/Users/Rajan/OneDrive - Accutant Solutions LLC/Accutant RC/ConsultingToolset/ESP/Dataset/Raw PumpCurveImages/BHI\BHI-029.png,1,C:\Users\Rajan\OneDrive - Accutant Solutions LLC\Accutant RC\ConsultingToolset\ESP\Dataset\Raw PumpCurveImages\runs_bhi2\BHI-029,needs-axes,template roles not found: ['x (bottom:0)'],,,,,,,
C:/Users/Rajan/OneDrive - Accutant Solutions LLC/Accutant RC/ConsultingToolset/ESP/Dataset/Raw PumpCurveImages/BHI\BHI-030.png,1,C:\Users\Rajan\OneDrive - Accutant Solutions LLC\Accutant RC\ConsultingToolset\ESP\Dataset\Raw PumpCurveImages\runs_bhi2\BHI-030,ok,,0.9999960780444718,0.2960200336114757,0.9999768290336924,0.14919966045205413,0.9999188903397893,0.8544874010612344,0.4519903332917252
C:/Users/Rajan/OneDrive - Accutant Solutions LLC/Accutant RC/ConsultingToolset/ESP/Dataset/Raw PumpCurveImages/BHI\BHI-031.png,1,C:\Users\Rajan\OneDrive - Accutant Solutions LLC\Accutant RC\ConsultingToolset\ESP\Dataset\Raw PumpCurveImages\runs_bhi2\BHI-031,review,hydraulic check: Q*H/(135770*BHP) differs from digitized efficiency by up to 65.1 pts (axis assignment/units/SG?),0.9999948888727181,0.2923073167534772,0.9999823456305142,0.161157370708179,0.9998304215882925,1.3575669722343893,65.07097522636042
C:/Users/Rajan/OneDrive - Accutant Solutions LLC/Accutant RC/ConsultingToolset/ESP/Dataset/Raw PumpCurveImages/BHI\BHI-032.png,1,C:\Users\Rajan\OneDrive - Accutant Solutions LLC\Accutant RC\ConsultingToolset\ESP\Dataset\Raw PumpCurveImages\runs_bhi2\BHI-032,ok,,0.9999958145508702,0.2381891950644584,0.999951485016945,0.23189104298470048,0.9997648203677812,1.7592539906343028,0.6725296185954264
C:/Users/Rajan/OneDrive - Accutant Solutions LLC/Accutant RC/ConsultingToolset/ESP/Dataset/Raw PumpCurveImages/BHI\BHI-033.png,1,C:\Users\Rajan\OneDrive - Accutant Solutions LLC\Accutant RC\ConsultingToolset\ESP\Dataset\Raw PumpCurveImages\runs_bhi2\BHI-033,ok,,0.9999927540329375,0.5172583636069628,0.9999872174419769,0.10267699138961173,0.9998929874144579,1.0934884268235368,0.37971785506873346
C:/Users/Rajan/OneDrive - Accutant Solutions LLC/Accutant RC/ConsultingToolset/ESP/Dataset/Raw PumpCurveImages/BHI\BHI-034.png,1,C:\Users\Rajan\OneDrive - Accutant Solutions LLC\Accutant RC\ConsultingToolset\ESP\Dataset\Raw PumpCurveImages\runs_bhi2\BHI-034,needs-axes,"template roles not found: ['x (bottom:0)', 'eff (right:1)']",,,,,,,
C:/Users/Rajan/OneDrive - Accutant Solutions LLC/Accutant RC/ConsultingToolset/ESP/Dataset/Raw PumpCurveImages/BHI\BHI-035.png,1,C:\Users\Rajan\OneDrive - Accutant Solutions LLC\Accutant RC\ConsultingToolset\ESP\Dataset\Raw PumpCurveImages\runs_bhi2\BHI-035,ok,,0.999992700750896,0.6547009231127746,0.9999352353369669,0.10690137354646578,0.9999697909139945,0.701561693793635,0.4598904344497683
C:/Users/Rajan/OneDrive - Accutant Solutions LLC/Accutant RC/ConsultingToolset/ESP/Dataset/Raw PumpCurveImages/BHI\BHI-036.png,1,C:\Users\Rajan\OneDrive - Accutant Solutions LLC\Accutant RC\ConsultingToolset\ESP\Dataset\Raw PumpCurveImages\runs_bhi2\BHI-036,ok,,0.9999924360675011,0.6268533110208349,0.9999790955078899,0.09831644814106123,0.9999187336848384,1.000021227533062,0.39898157659931144
C:/Users/Rajan/OneDrive - Accutant Solutions LLC/Accutant RC/ConsultingToolset/ESP/Dataset/Raw PumpCurveImages/BHI\BHI-037.png,1,C:\Users\Rajan\OneDrive - Accutant Solutions LLC\Accutant RC\ConsultingToolset\ESP\Dataset\Raw PumpCurveImages\runs_bhi2\BHI-037,needs-axes,template roles not found: ['x (bottom:0)'],,,,,,,
C:/Users/Rajan/OneDrive - Accutant Solutions LLC/Accutant RC/ConsultingToolset/ESP/Dataset/Raw PumpCurveImages/BHI\BHI-038.png,1,C:\Users\Rajan\OneDrive - Accutant Solutions LLC\Accutant RC\ConsultingToolset\ESP\Dataset\Raw PumpCurveImages\runs_bhi2\BHI-038,ok,,0.9999966530789657,0.2782214369190446,0.999973113826639,0.11482948641721691,0.9999892167883846,0.2871365962511109,0.46012911216690355
C:/Users/Rajan/OneDrive - Accutant Solutions LLC/Accutant RC/ConsultingToolset/ESP/Dataset/Raw PumpCurveImages/BHI\BHI-039.png,1,C:\Users\Rajan\OneDrive - Accutant Solutions LLC\Accutant RC\ConsultingToolset\ESP\Dataset\Raw PumpCurveImages\runs_bhi2\BHI-039,ok,,0.99999424141705,0.5455753122197787,0.9999796921960531,0.13650135363071994,0.9999319120462504,1.0806626749646497,0.3551246552625784
C:/Users/Rajan/OneDrive - Accutant Solutions LLC/Accutant RC/ConsultingToolset/ESP/Dataset/Raw PumpCurveImages/BHI\BHI-040.png,1,C:\Users\Rajan\OneDrive - Accutant Solutions LLC\Accutant RC\ConsultingToolset\ESP\Dataset\Raw PumpCurveImages\runs_bhi2\BHI-040,ok,,0.9999934354160444,0.49512431299194987,0.9999520673896123,0.09025501859690754,0.999780289724471,1.6010557453501066,0.7015049376628752
C:/Users/Rajan/OneDrive - Accutant Solutions LLC/Accutant RC/ConsultingToolset/ESP/Dataset/Raw PumpCurveImages/BHI\BHI-041.png,1,C:\Users\Rajan\OneDrive - Accutant Solutions LLC\Accutant RC\ConsultingToolset\ESP\Dataset\Raw PumpCurveImages\runs_bhi2\BHI-041,ok,,0.9999901832483961,0.5792889863409872,0.9999843509396026,0.18384036614955412,0.999853951176305,1.0299278538015488,0.46313441095709607
C:/Users/Rajan/OneDrive - Accutant Solutions LLC/Accutant RC/ConsultingToolset/ESP/Dataset/Raw PumpCurveImages/BHI\BHI-042.png,1,C:\Users\Rajan\OneDrive - Accutant Solutions LLC\Accutant RC\ConsultingToolset\ESP\Dataset\Raw PumpCurveImages\runs_bhi2\BHI-042,ok,,0.9999932099164279,0.3789142845011055,0.9999762764409011,0.10276673872459964,0.999934232411931,0.736687826944854,0.4602099509513522
C:/Users/Rajan/OneDrive - Accutant Solutions LLC/Accutant RC/ConsultingToolset/ESP/Dataset/Raw PumpCurveImages/BHI\BHI-043.png,1,C:\Users\Rajan\OneDrive - Accutant Solutions LLC\Accutant RC\ConsultingToolset\ESP\Dataset\Raw PumpCurveImages\runs_bhi2\BHI-043,ok,,0.999994792515283,0.28990743139929553,0.99998152939451,0.08860158328920228,0.9998511858706113,0.8344772401530356,0.2992174476310083
C:/Users/Rajan/OneDrive - Accutant Solutions LLC/Accutant RC/ConsultingToolset/ESP/Dataset/Raw PumpCurveImages/BHI\BHI-044.png,1,C:\Users\Rajan\OneDrive - Accutant Solutions LLC\Accutant RC\ConsultingToolset\ESP\Dataset\Raw PumpCurveImages\runs_bhi2\BHI-044,ok,,0.9999953234234257,0.2996120576649871,0.9999409788204471,0.109400657799403,0.9998865972115558,0.6077621420542033,0.38561810682177367
C:/Users/Rajan/OneDrive - Accutant Solutions LLC/Accutant RC/ConsultingToolset/ESP/Dataset/Raw PumpCurveImages/BHI\BHI-045.png,1,C:\Users\Rajan\OneDrive - Accutant Solutions LLC\Accutant RC\ConsultingToolset\ESP\Dataset\Raw PumpCurveImages\runs_bhi2\BHI-045,ok,,0.9999932908868617,0.3467831497673343,0.9999855840985113,0.14229381620370318,0.9998419089357097,0.8271426020508491,0.23397616005662059
C:/Users/Rajan/OneDrive - Accutant Solutions LLC/Accutant RC/ConsultingToolset/ESP/Dataset/Raw PumpCurveImages/BHI\BHI-046.png,1,C:\Users\Rajan\OneDrive - Accutant Solutions LLC\Accutant RC\ConsultingToolset\ESP\Dataset\Raw PumpCurveImages\runs_bhi2\BHI-046,ok,,0.9999929778384571,0.565779527376528,0.9999777326845675,0.08380665714118099,0.9999820997076545,0.47149465540479757,0.18579275471930856
C:/Users/Rajan/OneDrive - Accutant Solutions LLC/Accutant RC/ConsultingToolset/ESP/Dataset/Raw PumpCurveImages/BHI\BHI-047.png,1,C:\Users\Rajan\OneDrive - Accutant Solutions LLC\Accutant RC\ConsultingToolset\ESP\Dataset\Raw PumpCurveImages\runs_bhi2\BHI-047,ok,,0.9999929778384571,0.565779527376528,0.9999777326845675,0.08380665714118099,0.9999820997076545,0.47149465540479757,0.18579275471930856
C:/Users/Rajan/OneDrive - Accutant Solutions LLC/Accutant RC/ConsultingToolset/ESP/Dataset/Raw PumpCurveImages/BHI\BHI-048.png,1,C:\Users\Rajan\OneDrive - Accutant Solutions LLC\Accutant RC\ConsultingToolset\ESP\Dataset\Raw PumpCurveImages\runs_bhi2\BHI-048,ok,,0.9999923953151726,0.6145263280301999,0.9999204551100347,0.14157356958996872,0.9998864006393033,0.7646464392006328,0.30504673861588216
C:/Users/Rajan/OneDrive - Accutant Solutions LLC/Accutant RC/ConsultingToolset/ESP/Dataset/Raw PumpCurveImages/BHI\BHI-049.png,1,C:\Users\Rajan\OneDrive - Accutant Solutions LLC\Accutant RC\ConsultingToolset\ESP\Dataset\Raw PumpCurveImages\runs_bhi2\BHI-049,ok,,0.9999940791941808,0.4537811565363635,0.9999009544552535,0.16389454647939755,0.9999302703300433,0.5433174557055499,0.29451186610160107
C:/Users/Rajan/OneDrive - Accutant Solutions LLC/Accutant RC/ConsultingToolset/ESP/Dataset/Raw PumpCurveImages/BHI\BHI-050.png,1,C:\Users\Rajan\OneDrive - Accutant Solutions LLC\Accutant RC\ConsultingToolset\ESP\Dataset\Raw PumpCurveImages\runs_bhi2\BHI-050,ok,,0.9999940791941808,0.4537811565363635,0.9999009544552535,0.16389454647939755,0.9999302703300433,0.5433174557055499,0.29451186610160107
C:/Users/Rajan/OneDrive - Accutant Solutions LLC/Accutant RC/ConsultingToolset/ESP/Dataset/Raw PumpCurveImages/BHI\BHI-051.png,1,C:\Users\Rajan\OneDrive - Accutant Solutions LLC\Accutant RC\ConsultingToolset\ESP\Dataset\Raw PumpCurveImages\runs_bhi2\BHI-051,ok,,0.9999952956760553,0.2623612647872675,0.9999346319395088,0.1398465679063718,0.9998959663502539,0.4304631509043973,0.2978111602710598
C:/Users/Rajan/OneDrive - Accutant Solutions LLC/Accutant RC/ConsultingToolset/ESP/Dataset/Raw PumpCurveImages/BHI\BHI-052.png,1,C:\Users\Rajan\OneDrive - Accutant Solutions LLC\Accutant RC\ConsultingToolset\ESP\Dataset\Raw PumpCurveImages\runs_bhi2\BHI-052,ok,,0.9999960069540238,0.27843899606853734,0.9998976760723259,0.17216650197586367,0.9999432386113978,0.8914280997162061,0.34338918535186025
C:/Users/Rajan/OneDrive - Accutant Solutions LLC/Accutant RC/ConsultingToolset/ESP/Dataset/Raw PumpCurveImages/BHI\BHI-053.png,1,C:\Users\Rajan\OneDrive - Accutant Solutions LLC\Accutant RC\ConsultingToolset\ESP\Dataset\Raw PumpCurveImages\runs_bhi2\BHI-053,ok,,0.9999960069540238,0.27843899606853734,0.9998976760723259,0.17216650197586367,0.9999432386113978,0.8914280997162061,0.34338918535186025
C:/Users/Rajan/OneDrive - Accutant Solutions LLC/Accutant RC/ConsultingToolset/ESP/Dataset/Raw PumpCurveImages/BHI\BHI-054.png,1,C:\Users\Rajan\OneDrive - Accutant Solutions LLC\Accutant RC\ConsultingToolset\ESP\Dataset\Raw PumpCurveImages\runs_bhi2\BHI-054,ok,,0.9999940857921961,0.21289995837405892,0.9999348988948267,0.17212539749384603,0.9999726539648006,0.30805898595289755,0.10564074434354609
C:/Users/Rajan/OneDrive - Accutant Solutions LLC/Accutant RC/ConsultingToolset/ESP/Dataset/Raw PumpCurveImages/BHI\BHI-055.png,1,C:\Users\Rajan\OneDrive - Accutant Solutions LLC\Accutant RC\ConsultingToolset\ESP\Dataset\Raw PumpCurveImages\runs_bhi2\BHI-055,ok,,0.9999932056937783,0.29240430632772935,0.9999848594718617,0.09504452610421858,0.999903433972958,0.6617582490842402,0.19415496776376528
C:/Users/Rajan/OneDrive - Accutant Solutions LLC/Accutant RC/ConsultingToolset/ESP/Dataset/Raw PumpCurveImages/BHI\BHI-056.png,1,C:\Users\Rajan\OneDrive - Accutant Solutions LLC\Accutant RC\ConsultingToolset\ESP\Dataset\Raw PumpCurveImages\runs_bhi2\BHI-056,ok,,0.9999943078465526,0.2925898390144466,0.999963515171742,0.10882160677343228,0.9998942590245825,0.5126874711330237,0.2840193378000748
C:/Users/Rajan/OneDrive - Accutant Solutions LLC/Accutant RC/ConsultingToolset/ESP/Dataset/Raw PumpCurveImages/BHI\BHI-057.png,1,C:\Users\Rajan\OneDrive - Accutant Solutions LLC\Accutant RC\ConsultingToolset\ESP\Dataset\Raw PumpCurveImages\runs_bhi2\BHI-057,ok,,0.9999936551902221,0.591616899580684,0.9999884065150533,0.16099162942536122,0.9998662195287968,0.8835924134279981,0.24203770378094447
C:/Users/Rajan/OneDrive - Accutant Solutions LLC/Accutant RC/ConsultingToolset/ESP/Dataset/Raw PumpCurveImages/BHI\BHI-058.png,1,C:\Users\Rajan\OneDrive - Accutant Solutions LLC\Accutant RC\ConsultingToolset\ESP\Dataset\Raw PumpCurveImages\runs_bhi2\BHI-058,ok,,0.9999960227861714,0.3134645777997916,0.9999711048934214,0.11702269008130621,0.9994644066793853,1.2132531279777963,0.7014524869819745
C:/Users/Rajan/OneDrive - Accutant Solutions LLC/Accutant RC/ConsultingToolset/ESP/Dataset/Raw PumpCurveImages/BHI\BHI-059.png,1,C:\Users\Rajan\OneDrive - Accutant Solutions LLC\Accutant RC\ConsultingToolset\ESP\Dataset\Raw PumpCurveImages\runs_bhi2\BHI-059,ok,,0.9999958699892018,0.17747843279924794,0.999867042110811,0.09009312406194138,0.9998879297973641,0.6770452855469544,0.24934086950000278
C:/Users/Rajan/OneDrive - Accutant Solutions LLC/Accutant RC/ConsultingToolset/ESP/Dataset/Raw PumpCurveImages/BHI\BHI-060.png,1,C:\Users\Rajan\OneDrive - Accutant Solutions LLC\Accutant RC\ConsultingToolset\ESP\Dataset\Raw PumpCurveImages\runs_bhi2\BHI-060,ok,,0.9999960159035366,0.31083204972929374,0.9999703285900667,0.0927403131027154,0.9999788136993681,0.2705536403989057,0.1398437725659143
C:/Users/Rajan/OneDrive - Accutant Solutions LLC/Accutant RC/ConsultingToolset/ESP/Dataset/Raw PumpCurveImages/BHI\BHI-061.png,1,C:\Users\Rajan\OneDrive - Accutant Solutions LLC\Accutant RC\ConsultingToolset\ESP\Dataset\Raw PumpCurveImages\runs_bhi2\BHI-061,ok,,0.9999920616628741,0.549209716302361,0.9999745500267395,0.11615174387128381,0.9999737633476757,0.6006452474920322,0.27525994434306966
C:/Users/Rajan/OneDrive - Accutant Solutions LLC/Accutant RC/ConsultingToolset/ESP/Dataset/Raw PumpCurveImages/BHI\BHI-062.png,1,C:\Users\Rajan\OneDrive - Accutant Solutions LLC\Accutant RC\ConsultingToolset\ESP\Dataset\Raw PumpCurveImages\runs_bhi2\BHI-062,ok,,0.9999945887164825,0.35484242030763213,0.9999516332814672,0.08215510360495822,0.9998897472190221,1.1106324100880278,0.4760045960759669
C:/Users/Rajan/OneDrive - Accutant Solutions LLC/Accutant RC/ConsultingToolset/ESP/Dataset/Raw PumpCurveImages/BHI\BHI-063.png,1,C:\Users\Rajan\OneDrive - Accutant Solutions LLC\Accutant RC\ConsultingToolset\ESP\Dataset\Raw PumpCurveImages\runs_bhi2\BHI-063,ok,,0.9999948971564271,0.29289179520118513,0.9999814291052305,0.18118432666582437,0.9999645392866255,0.34866345451616176,0.14817300379645815
C:/Users/Rajan/OneDrive - Accutant Solutions LLC/Accutant RC/ConsultingToolset/ESP/Dataset/Raw PumpCurveImages/BHI\BHI-064.png,1,C:\Users\Rajan\OneDrive - Accutant Solutions LLC\Accutant RC\ConsultingToolset\ESP\Dataset\Raw PumpCurveImages\runs_bhi2\BHI-064,ok,,0.99999318898766,0.602331368560182,0.999951158436243,0.12457480156099927,0.9998798562362532,0.9565706817758077,0.5726945640404111
C:/Users/Rajan/OneDrive - Accutant Solutions LLC/Accutant RC/ConsultingToolset/ESP/Dataset/Raw PumpCurveImages/BHI\BHI-065.png,1,C:\Users\Rajan\OneDrive - Accutant Solutions LLC\Accutant RC\ConsultingToolset\ESP\Dataset\Raw PumpCurveImages\runs_bhi2\BHI-065,ok,,0.9999920641015737,0.5501797571241663,0.9999438589750584,0.08457742528843057,0.9998814653044419,0.7467537056032247,0.3105552531627751
C:/Users/Rajan/OneDrive - Accutant Solutions LLC/Accutant RC/ConsultingToolset/ESP/Dataset/Raw PumpCurveImages/BHI\BHI-066.png,1,C:\Users\Rajan\OneDrive - Accutant Solutions LLC\Accutant RC\ConsultingToolset\ESP\Dataset\Raw PumpCurveImages\runs_bhi2\BHI-066,ok,,0.9999959062592495,0.2387666225399804,0.999948358270406,0.15018396628353026,0.9999772823097026,0.5212905033222989,0.14413544009533297
C:/Users/Rajan/OneDrive - Accutant Solutions LLC/Accutant RC/ConsultingToolset/ESP/Dataset/Raw PumpCurveImages/BHI\BHI-067.png,1,C:\Users\Rajan\OneDrive - Accutant Solutions LLC\Accutant RC\ConsultingToolset\ESP\Dataset\Raw PumpCurveImages\runs_bhi2\BHI-067,ok,,0.9999937624805667,0.2604014733915952,0.999774851540092,0.09688857044792665,0.9997234171618887,1.1531964606786007,0.5609585116365423
C:/Users/Rajan/OneDrive - Accutant Solutions LLC/Accutant RC/ConsultingToolset/ESP/Dataset/Raw PumpCurveImages/BHI\BHI-068.png,1,C:\Users\Rajan\OneDrive - Accutant Solutions LLC\Accutant RC\ConsultingToolset\ESP\Dataset\Raw PumpCurveImages\runs_bhi2\BHI-068,ok,,0.999996156582184,0.24619495307364914,0.9999725897157232,0.10309849874235641,0.9999703926304546,0.3612800784502474,0.11821436458765078
C:/Users/Rajan/OneDrive - Accutant Solutions LLC/Accutant RC/ConsultingToolset/ESP/Dataset/Raw PumpCurveImages/BHI\BHI-069.png,1,C:\Users\Rajan\OneDrive - Accutant Solutions LLC\Accutant RC\ConsultingToolset\ESP\Dataset\Raw PumpCurveImages\runs_bhi2\BHI-069,ok,,0.9999897186714135,0.5662714475446732,0.9999902337883642,0.0835502037328802,0.9997168994648394,1.0667446095638085,0.48980081920910834
C:/Users/Rajan/OneDrive - Accutant Solutions LLC/Accutant RC/ConsultingToolset/ESP/Dataset/Raw PumpCurveImages/BHI\BHI-070.png,1,C:\Users\Rajan\OneDrive - Accutant Solutions LLC\Accutant RC\ConsultingToolset\ESP\Dataset\Raw PumpCurveImages\runs_bhi2\BHI-070,ok,,0.9999942360588707,0.5900252571227856,0.9998136129953007,0.16210908268400157,0.999986240373817,0.4545052363307213,0.17462461354512726
C:/Users/Rajan/OneDrive - Accutant Solutions LLC/Accutant RC/ConsultingToolset/ESP/Dataset/Raw PumpCurveImages/BHI\BHI-071.png,1,C:\Users\Rajan\OneDrive - Accutant Solutions LLC\Accutant RC\ConsultingToolset\ESP\Dataset\Raw PumpCurveImages\runs_bhi2\BHI-071,ok,,0.9999909878934418,0.6435327618231992,0.9999558811930456,0.1660015080055354,0.9999228138882537,0.9160247308489918,0.27925050673437113
C:/Users/Rajan/OneDrive - Accutant Solutions LLC/Accutant RC/ConsultingToolset/ESP/Dataset/Raw PumpCurveImages/BHI\BHI-072.png,1,C:\Users\Rajan\OneDrive - Accutant Solutions LLC\Accutant RC\ConsultingToolset\ESP\Dataset\Raw PumpCurveImages\runs_bhi2\BHI-072,ok,,0.9999965765503299,0.2083094198303143,0.999982407266159,0.12773456646443487,0.9996481129263839,0.9691439378157233,0.33457464642441437
C:/Users/Rajan/OneDrive - Accutant Solutions LLC/Accutant RC/ConsultingToolset/ESP/Dataset/Raw PumpCurveImages/BHI\BHI-073.png,1,C:\Users\Rajan\OneDrive - Accutant Solutions LLC\Accutant RC\ConsultingToolset\ESP\Dataset\Raw PumpCurveImages\runs_bhi2\BHI-073,ok,,0.9999961219920467,0.13516065436840657,0.9999665415880317,0.18628665845267564,0.9998725126279365,0.6604330765063124,0.308919475036852
C:/Users/Rajan/OneDrive - Accutant Solutions LLC/Accutant RC/ConsultingToolset/ESP/Dataset/Raw PumpCurveImages/BHI\BHI-074.png,1,C:\Users\Rajan\OneDrive - Accutant Solutions LLC\Accutant RC\ConsultingToolset\ESP\Dataset\Raw PumpCurveImages\runs_bhi2\BHI-074,needs-axes,template roles not found: ['x (bottom:0)'],,,,,,,
C:/Users/Rajan/OneDrive - Accutant Solutions LLC/Accutant RC/ConsultingToolset/ESP/Dataset/Raw PumpCurveImages/BHI\BHI-075.png,1,C:\Users\Rajan\OneDrive - Accutant Solutions LLC\Accutant RC\ConsultingToolset\ESP\Dataset\Raw PumpCurveImages\runs_bhi2\BHI-075,ok,,0.9999880909150198,0.9765531892850142,0.9999867236663842,0.08374700084642135,0.9999009667989234,0.8802093519931041,0.1761830633117185
C:/Users/Rajan/OneDrive - Accutant Solutions LLC/Accutant RC/ConsultingToolset/ESP/Dataset/Raw PumpCurveImages/BHI\BHI-076.png,1,C:\Users\Rajan\OneDrive - Accutant Solutions LLC\Accutant RC\ConsultingToolset\ESP\Dataset\Raw PumpCurveImages\runs_bhi2\BHI-076,ok,,0.9999968059944855,0.1797207548413905,0.999968826837384,0.15950027985709592,0.9999560730803957,0.38601043349028796,0.13996025210762753
C:/Users/Rajan/OneDrive - Accutant Solutions LLC/Accutant RC/ConsultingToolset/ESP/Dataset/Raw PumpCurveImages/BHI\BHI-077.png,1,C:\Users\Rajan\OneDrive - Accutant Solutions LLC\Accutant RC\ConsultingToolset\ESP\Dataset\Raw PumpCurveImages\runs_bhi2\BHI-077,ok,,0.9999967995497785,0.21185801119763745,0.9998942232380593,0.640788080385771,0.9999275785885805,0.40395034468216934,0.16063431391260963
C:/Users/Rajan/OneDrive - Accutant Solutions LLC/Accutant RC/ConsultingToolset/ESP/Dataset/Raw PumpCurveImages/BHI\BHI-078.png,1,C:\Users\Rajan\OneDrive - Accutant Solutions LLC\Accutant RC\ConsultingToolset\ESP\Dataset\Raw PumpCurveImages\runs_bhi2\BHI-078,ok,,0.9999958784031953,0.3209749514540767,0.9999826600494669,0.12753911490296235,0.9998973256211535,0.6865346741519114,0.14457162895183373
C:/Users/Rajan/OneDrive - Accutant Solutions LLC/Accutant RC/ConsultingToolset/ESP/Dataset/Raw PumpCurveImages/BHI\BHI-079.png,1,C:\Users\Rajan\OneDrive - Accutant Solutions LLC\Accutant RC\ConsultingToolset\ESP\Dataset\Raw PumpCurveImages\runs_bhi2\BHI-079,ok,,0.9999976665999639,0.26165731435210726,0.9999739736017477,0.07694273583818759,0.9999178199396188,0.2461452904522966,0.14952924476792973
C:/Users/Rajan/OneDrive - Accutant Solutions LLC/Accutant RC/ConsultingToolset/ESP/Dataset/Raw PumpCurveImages/BHI\BHI-080.png,1,C:\Users\Rajan\OneDrive - Accutant Solutions LLC\Accutant RC\ConsultingToolset\ESP\Dataset\Raw PumpCurveImages\runs_bhi2\BHI-080,ok,,0.9999961615034384,0.28071171197210854,0.9999609555764105,0.09158265451234186,0.9999531562658875,0.3866837131669471,0.1738775141888098
C:/Users/Rajan/OneDrive - Accutant Solutions LLC/Accutant RC/ConsultingToolset/ESP/Dataset/Raw PumpCurveImages/BHI\BHI-081.png,1,C:\Users\Rajan\OneDrive - Accutant Solutions LLC\Accutant RC\ConsultingToolset\ESP\Dataset\Raw PumpCurveImages\runs_bhi2\BHI-081,needs-axes,template roles not found: ['x (bottom:0)'],,,,,,,
C:/Users/Rajan/OneDrive - Accutant Solutions LLC/Accutant RC/ConsultingToolset/ESP/Dataset/Raw PumpCurveImages/BHI\BHI-082.png,1,C:\Users\Rajan\OneDrive - Accutant Solutions LLC\Accutant RC\ConsultingToolset\ESP\Dataset\Raw PumpCurveImages\runs_bhi2\BHI-082,ok,,0.9999935209451603,0.5644787249020784,0.999965311840833,0.162085619561901,0.9999855788403913,0.2608522109327595,0.17631165842686158
C:/Users/Rajan/OneDrive - Accutant Solutions LLC/Accutant RC/ConsultingToolset/ESP/Dataset/Raw PumpCurveImages/BHI\BHI-083.png,1,C:\Users\Rajan\OneDrive - Accutant Solutions LLC\Accutant RC\ConsultingToolset\ESP\Dataset\Raw PumpCurveImages\runs_bhi2\BHI-083,ok,,0.9999956832721022,0.38945456520824445,0.9999595328107366,0.2728488243104117,0.9995396913067003,1.9659765222914978,0.5755780550028788
C:/Users/Rajan/OneDrive - Accutant Solutions LLC/Accutant RC/ConsultingToolset/ESP/Dataset/Raw PumpCurveImages/BHI\BHI-084.png,1,C:\Users\Rajan\OneDrive - Accutant Solutions LLC\Accutant RC\ConsultingToolset\ESP\Dataset\Raw PumpCurveImages\runs_bhi2\BHI-084,ok,,0.9999975974111791,0.20674835081577075,0.9999517339902974,0.17561910568554162,0.9997867565423435,1.5742636016650369,0.4993988521046724
C:/Users/Rajan/OneDrive - Accutant Solutions LLC/Accutant RC/ConsultingToolset/ESP/Dataset/Raw PumpCurveImages/BHI\BHI-085.png,1,C:\Users\Rajan\OneDrive - Accutant Solutions LLC\Accutant RC\ConsultingToolset\ESP\Dataset\Raw PumpCurveImages\runs_bhi2\BHI-085,ok,,0.9999954575574367,0.27446133839189313,0.9999731364744304,0.12534705457340717,0.9999726684501987,0.5020375497508643,0.19320114990583193
C:/Users/Rajan/OneDrive - Accutant Solutions LLC/Accutant RC/ConsultingToolset/ESP/Dataset/Raw PumpCurveImages/BHI\BHI-086.png,1,C:\Users\Rajan\OneDrive - Accutant Solutions LLC\Accutant RC\ConsultingToolset\ESP\Dataset\Raw PumpCurveImages\runs_bhi2\BHI-086,review,head: gap of 15% of flow range in extracted points; eff: gap of 37% of flow range in extracted points,0.9999958533338152,0.38370029695470836,0.9999770489574096,0.11961487584271122,0.9999750631158462,0.29274349251312526,0.7932301002409332
C:/Users/Rajan/OneDrive - Accutant Solutions LLC/Accutant RC/ConsultingToolset/ESP/Dataset/Raw PumpCurveImages/BHI\BHI-087.png,1,C:\Users\Rajan\OneDrive - Accutant Solutions LLC\Accutant RC\ConsultingToolset\ESP\Dataset\Raw PumpCurveImages\runs_bhi2\BHI-087,ok,,0.999995464129936,0.4155608213056893,0.9999744486963107,0.13227703120180812,0.9999351342521354,0.46255393888719376,0.28891591803817107
