flow_bpd,power
168.593,0.159021
171.886,0.159021
175.179,0.159021
178.472,0.159021
181.764,0.159021
185.057,0.159021
188.35,0.159021
191.642,0.159021
194.935,0.159021
198.228,0.159021
201.52,0.159021
204.813,0.159021
208.106,0.159021
211.399,0.159021
214.691,0.159021
217.984,0.159021
221.277,0.159021
224.569,0.159021
227.862,0.159021
231.155,0.159021
234.447,0.159021
237.74,0.159021
241.033,0.159021
244.326,0.159021
247.618,0.159021
250.911,0.159021
254.204,0.159021
257.496,0.159021
260.789,0.159021
264.082,0.159021
267.374,0.159021
270.667,0.159021
273.96,0.159021
277.253,0.159021
280.545,0.159021
287.131,0.168889
290.423,0.168889
293.716,0.163955
297.009,0.168889
300.301,0.168889
303.594,0.168889
306.887,0.168889
310.179,0.168889
313.472,0.168889
316.765,0.168889
320.058,0.168889
323.35,0.168889
326.643,0.168889
329.936,0.168889
333.228,0.168889
336.521,0.168889
339.814,0.168889
343.106,0.168889
346.399,0.168889
356.277,0.178757
359.57,0.173823
362.863,0.178757
366.155,0.178757
369.448,0.178757
372.741,0.178757
376.033,0.178757
379.326,0.178757
382.619,0.178757
385.912,0.178757
389.204,0.178757
392.497,0.178757
395.79,0.178757
399.082,0.178757
402.375,0.178757
405.668,0.178757
408.96,0.178757
412.253,0.178757
415.546,0.178757
418.839,0.178757
422.131,0.178757
425.424,0.183691
428.717,0.188625
432.009,0.188625
435.302,0.188625
438.595,0.188625
441.887,0.188625
445.18,0.188625
448.473,0.188625
451.766,0.188625
455.058,0.188625
458.351,0.188625
461.644,0.188625
464.936,0.188625
468.229,0.188625
471.522,0.188625
474.814,0.188625
478.107,0.188625
484.693,0.198493
487.985,0.198493
491.278,0.198493
494.571,0.198493
497.863,0.198493
501.156,0.198493
504.449,0.198493
507.741,0.198493
511.034,0.198493
514.327,0.198493
517.62,0.198493
520.912,0.198493
524.205,0.198493
527.498,0.198493
530.79,0.198493
534.083,0.198493
537.376,0.198493
543.961,0.208362
547.254,0.208362
550.547,0.208362
553.839,0.208362
557.132,0.208362
560.425,0.208362
563.717,0.208362
567.01,0.208362
570.303,0.208362
573.595,0.208362
576.888,0.208362
580.181,0.208362
583.474,0.208362
586.766,0.208362
590.059,0.208362
593.352,0.208362
596.644,0.208362
603.23,0.21823
606.522,0.21823
609.815,0.21823
613.108,0.21823
616.401,0.21823
619.693,0.21823
622.986,0.21823
626.279,0.21823
629.571,0.21823
632.864,0.21823
636.157,0.21823
639.449,0.21823
642.742,0.21823
646.035,0.21823
649.328,0.21823
652.62,0.223164
655.913,0.228098
659.206,0.228098
662.498,0.228098
665.791,0.228098
669.084,0.228098
672.376,0.228098
675.669,0.228098
678.962,0.228098
682.255,0.228098
685.547,0.228098
688.84,0.228098
692.133,0.228098
695.425,0.228098
698.718,0.228098
702.011,0.228098
705.303,0.228098
708.596,0.228098
711.889,0.237966
715.182,0.237966
718.474,0.237966
721.767,0.237966
725.06,0.237966
728.352,0.237966
731.645,0.237966
734.938,0.237966
738.23,0.237966
741.523,0.237966
744.816,0.237966
748.109,0.237966
751.401,0.237966
754.694,0.237966
757.987,0.237966
761.279,0.237966
764.572,0.237966
767.865,0.237966
771.157,0.237966
774.45,0.247834
777.743,0.247834
781.035,0.247834
784.328,0.247834
787.621,0.247834
790.914,0.247834
794.206,0.247834
797.499,0.247834
800.792,0.247834
804.084,0.247834
807.377,0.247834
810.67,0.247834
813.962,0.247834
817.255,0.247834
820.548,0.247834
823.841,0.247834
827.133,0.247834
830.426,0.247834
833.719,0.247834
837.011,0.247834
840.304,0.257702
843.597,0.257702
846.889,0.257702
850.182,0.257702
853.475,0.257702
856.768,0.257702
860.06,0.257702
863.353,0.257702
866.646,0.257702
869.938,0.257702
873.231,0.257702
876.524,0.257702
879.816,0.257702
883.109,0.257702
886.402,0.257702
889.695,0.257702
892.987,0.257702
896.28,0.257702
899.573,0.257702
902.865,0.262636
906.158,0.267571
909.451,0.267571
912.743,0.267571
916.036,0.267571
919.329,0.267571
922.622,0.267571
925.914,0.267571
929.207,0.267571
932.5,0.267571
935.792,0.267571
939.085,0.267571
942.378,0.267571
945.67,0.267571
948.963,0.267571
952.256,0.267571
955.549,0.267571
958.841,0.267571
962.134,0.267571
965.427,0.267571
968.719,0.267571
972.012,0.267571
975.305,0.267571
978.597,0.267571
981.89,0.267571
985.183,0.267571
988.476,0.267571
991.768,0.267571
998.354,0.277439
1001.65,0.277439
1004.94,0.277439
1008.23,0.277439
1011.52,0.277439
1014.82,0.277439
1018.11,0.277439
1021.4,0.277439
1024.7,0.277439
1027.99,0.277439
1031.28,0.277439
1034.57,0.277439
1037.87,0.277439
1041.16,0.277439
1044.45,0.277439
1047.74,0.277439
1051.04,0.277439
1054.33,0.277439
1057.62,0.277439
1060.91,0.277439
1064.21,0.277439
1067.5,0.277439
1070.79,0.277439
1074.09,0.277439
1077.38,0.277439
1080.67,0.277439
1083.96,0.277439
1087.26,0.277439
1090.55,0.282373
1093.84,0.287307
1097.13,0.287307
1100.43,0.287307
1103.72,0.287307
1107.01,0.287307
1110.31,0.287307
1113.6,0.287307
1116.89,0.287307
1120.18,0.287307
1123.48,0.287307
1126.77,0.287307
1130.06,0.287307
1133.35,0.287307
1136.65,0.287307
1139.94,0.287307
1143.23,0.287307
1146.53,0.287307
1149.82,0.287307
1153.11,0.287307
1156.4,0.287307
1159.7,0.287307
1162.99,0.287307
1166.28,0.287307
1169.57,0.287307
1172.87,0.287307
1176.16,0.287307
1179.45,0.287307
1182.74,0.287307
1186.04,0.287307
1189.33,0.287307
1192.62,0.287307
1195.92,0.287307
1199.21,0.287307
1202.5,0.287307
1205.79,0.287307
1209.09,0.287307
1212.38,0.287307
1215.67,0.287307
1218.96,0.287307
1222.26,0.287307
1225.55,0.287307
1228.84,0.287307
1232.14,0.287307
1235.43,0.287307
1238.72,0.287307
1242.01,0.287307
1245.31,0.287307
1248.6,0.287307
1251.89,0.287307
1255.18,0.287307
1258.48,0.287307
1261.77,0.287307
1265.06,0.287307
1268.35,0.287307
1271.65,0.287307
1274.94,0.287307
1278.23,0.287307
1281.53,0.287307
1284.82,0.287307
1288.11,0.287307
1291.4,0.287307
1294.7,0.287307
1297.99,0.287307
1301.28,0.287307
1304.57,0.287307
1307.87,0.287307
1311.16,0.287307
1314.45,0.287307
1317.75,0.287307
1321.04,0.287307
1324.33,0.287307
1327.62,0.287307
1330.92,0.287307
1334.21,0.287307
1337.5,0.287307
1340.79,0.287307
1344.09,0.287307
1347.38,0.287307
1350.67,0.287307
1353.97,0.287307
1357.26,0.287307
1360.55,0.287307
1363.84,0.287307
1367.14,0.287307
1370.43,0.287307
1373.72,0.287307
1377.01,0.287307
1380.31,0.287307
1383.6,0.287307
1386.89,0.287307
1390.18,0.287307
1393.48,0.287307
1396.77,0.287307
1400.06,0.287307
1403.36,0.287307
1406.65,0.287307
1409.94,0.287307
1413.23,0.287307
1416.53,0.287307
1419.82,0.287307
1423.11,0.287307
1426.4,0.287307
1429.7,0.287307
1432.99,0.287307
1436.28,0.287307
1439.58,0.287307
1442.87,0.287307
1446.16,0.287307
1449.45,0.287307
1452.75,0.287307
1456.04,0.287307
1459.33,0.287307
1462.62,0.287307
1465.92,0.287307
1469.21,0.287307
1472.5,0.287307
1475.8,0.287307
1479.09,0.287307
1482.38,0.287307
1485.67,0.287307
1488.97,0.287307
1492.26,0.287307
1495.55,0.287307
1498.84,0.287307
1502.14,0.287307
1505.43,0.287307
1508.72,0.287307
1512.01,0.287307
1515.31,0.287307
1518.6,0.287307
1521.89,0.287307
1525.19,0.287307
1528.48,0.287307
1531.77,0.287307
1535.06,0.287307
1538.36,0.287307
1541.65,0.287307
1544.94,0.287307
1548.23,0.287307
1551.53,0.287307
1554.82,0.287307
1558.11,0.287307
