flow_bpd,head
0.0580326,24.0265
0.627295,24.0265
1.19656,23.986
1.76582,23.986
2.33508,23.986
2.90434,23.9455
3.47361,23.9455
4.04287,23.9455
4.61213,23.9455
5.18139,23.9455
5.75066,23.9455
6.31992,23.9455
6.88918,23.9455
7.45844,23.9455
8.0277,23.905
8.59697,23.905
9.16623,23.905
9.73549,23.905
10.3048,23.8645
10.874,23.8645
11.4433,23.8645
12.0125,23.8645
12.5818,23.8645
13.1511,23.8645
13.7203,23.8645
14.2896,23.8645
14.8589,23.8645
15.4281,23.8645
15.9974,23.8645
16.5666,23.8645
17.1359,23.8645
17.7052,23.824
18.2744,23.824
18.8437,23.824
19.413,23.824
19.9822,23.824
20.5515,23.824
21.1207,23.7835
21.69,23.7835
22.2593,23.7835
22.8285,23.7835
23.3978,23.7835
23.967,23.7835
24.5363,23.7835
25.1056,23.7835
25.6748,23.7835
26.2441,23.7835
26.8134,23.7835
27.3826,23.7835
27.9519,23.7835
28.5211,23.7835
29.0904,23.7835
29.6597,23.7835
30.2289,23.7835
30.7982,23.7835
31.3675,23.7835
31.9367,23.7835
32.506,23.7835
33.0752,23.7429
33.6445,23.7429
34.2138,23.7429
34.783,23.7429
35.3523,23.7429
35.9216,23.7429
36.4908,23.7429
37.0601,23.7429
37.6293,23.7429
38.1986,23.7429
38.7679,23.7024
39.3371,23.7024
39.9064,23.7024
40.4757,23.7024
41.0449,23.7024
41.6142,23.7024
42.1834,23.7024
42.7527,23.7024
43.322,23.7024
43.8912,23.7024
44.4605,23.7024
45.0298,23.7024
45.599,23.7024
46.1683,23.7024
46.7375,23.7024
47.3068,23.7024
47.8761,23.7024
48.4453,23.7024
49.0146,23.7024
49.5839,23.824
50.1531,23.824
50.7224,23.7835
51.2916,23.7429
51.8609,23.7024
52.4302,23.7024
52.9994,23.7024
53.5687,23.7024
54.138,23.7024
54.7072,23.7024
55.2765,23.7024
55.8457,23.7024
56.415,23.7024
56.9843,23.7024
57.5535,23.7024
58.1228,23.7024
58.6921,23.7024
59.2613,23.7024
59.8306,23.7024
60.3998,23.7024
60.9691,23.7024
61.5384,23.7024
62.1076,23.7024
62.6769,23.7024
63.2461,23.7024
63.8154,23.7024
64.3847,23.7024
64.9539,23.7024
65.5232,23.7024
66.0925,23.7024
66.6617,23.7024
67.231,23.7024
67.8002,23.7024
68.3695,23.7024
68.9388,23.7024
69.508,23.7024
70.0773,23.7024
70.6466,23.7024
71.2158,23.7024
71.7851,23.7024
72.3543,23.7024
72.9236,23.7024
73.4929,23.7024
74.0621,23.7024
74.6314,23.7429
75.2007,23.7429
75.7699,23.7429
76.3392,23.7429
76.9084,23.7429
77.4777,23.7429
78.047,23.7429
78.6162,23.7429
79.1855,23.7429
79.7548,23.7429
80.324,23.7429
80.8933,23.7429
81.4625,23.7429
82.0318,23.7024
82.6011,23.7024
83.1703,23.7024
83.7396,23.7024
84.3089,23.7024
84.8781,23.7024
85.4474,23.7024
86.0166,23.7024
86.5859,23.7024
87.1552,23.7024
87.7244,23.7024
88.2937,23.7024
88.863,23.7024
89.4322,23.7024
90.0015,23.7024
90.5707,23.7024
91.14,23.7024
91.7093,23.7024
92.2785,23.7024
92.8478,23.7024
93.4171,23.7024
93.9863,23.7024
94.5556,23.7024
95.1248,23.7024
95.6941,23.7024
96.2634,23.7024
96.8326,23.7024
97.4019,23.7024
97.9712,23.7024
98.5404,23.7024
99.1097,23.7024
99.6789,23.7024
100.248,23.7429
100.817,23.7835
103.664,23.5809
104.233,23.6619
104.802,23.6619
105.372,23.6619
105.941,23.6619
106.51,23.6619
107.079,23.6619
107.649,23.6619
108.218,23.6619
108.787,23.6619
109.356,23.6619
109.926,23.6619
110.495,23.6619
111.064,23.6619
111.633,23.6619
112.203,23.6619
112.772,23.6619
113.341,23.6619
113.91,23.7024
114.48,23.7429
121.311,23.7429
121.88,23.6619
122.449,23.6619
123.019,23.6619
123.588,23.6619
124.157,23.6619
124.726,23.6619
125.296,23.6619
125.865,23.6619
126.434,23.6619
127.004,23.6619
127.573,23.6619
128.142,23.6619
128.711,23.6619
129.281,23.6619
129.85,23.6619
130.419,23.6619
130.988,23.6619
131.558,23.6619
132.127,23.6619
132.696,23.6214
133.265,23.6214
133.835,23.6214
134.404,23.6214
134.973,23.6214
135.542,23.6214
136.112,23.6214
136.681,23.6214
137.25,23.5809
137.82,23.5809
138.389,23.5809
138.958,23.5809
139.527,23.5809
140.097,23.5809
140.666,23.5809
141.235,23.5809
141.804,23.5809
142.374,23.5809
142.943,23.5809
143.512,23.5809
144.081,23.5809
144.651,23.5809
145.22,23.5809
145.789,23.5809
146.358,23.5809
146.928,23.5809
147.497,23.5809
148.066,23.5809
148.635,23.5809
149.205,23.5809
149.774,23.5404
150.343,23.5404
150.913,23.5404
151.482,23.5404
152.051,23.5404
152.62,23.4999
153.19,23.4999
153.759,23.4999
154.328,23.4999
154.897,23.4999
155.467,23.4999
156.036,23.4999
156.605,23.4999
157.174,23.4999
157.744,23.4999
158.313,23.4999
158.882,23.4999
159.451,23.4999
160.021,23.4999
160.59,23.4999
161.159,23.4594
161.729,23.4594
162.298,23.4594
162.867,23.4189
163.436,23.4189
164.006,23.4189
164.575,23.4189
165.144,23.4189
165.713,23.4189
166.283,23.4189
166.852,23.4189
167.421,23.4189
167.99,23.4189
168.56,23.4189
169.129,23.4189
169.698,23.3784
170.267,23.3784
170.837,23.3784
171.406,23.3378
171.975,23.3378
172.545,23.3378
173.114,23.3378
173.683,23.3378
174.252,23.3378
174.822,23.3378
175.391,23.3378
175.96,23.3378
176.529,23.3378
177.099,23.2973
177.668,23.2973
178.237,23.2973
178.806,23.2568
179.376,23.2568
179.945,23.2568
180.514,23.2568
181.083,23.2568
181.653,23.2568
182.222,23.2568
182.791,23.2568
183.36,23.2568
183.93,23.2568
184.499,23.2163
185.068,23.2163
185.638,23.1758
186.207,23.1758
186.776,23.1758
187.345,23.1758
187.915,23.1758
188.484,23.1758
189.053,23.1758
189.622,23.1758
190.192,23.1353
190.761,23.1353
191.33,23.1353
191.899,23.0948
192.469,23.0948
193.038,23.0948
193.607,23.0948
194.176,23.0948
194.746,23.0948
195.315,23.0948
195.884,23.0948
196.454,23.0543
197.023,23.0543
197.592,23.0138
198.161,23.0138
198.731,23.0138
199.3,23.0138
199.869,23.0138
200.438,23.0138
201.008,23.0138
201.577,22.9732
202.146,22.9732
202.715,22.9327
203.285,22.9327
203.854,22.9327
204.423,22.9327
204.992,22.9327
205.562,22.9327
206.131,22.8922
206.7,22.8922
207.27,22.8517
207.839,22.8517
208.408,22.8517
208.977,22.8517
209.547,22.8517
210.116,22.8517
210.685,22.8112
211.254,22.8112
211.824,22.7707
212.393,22.7707
212.962,22.7707
213.531,22.7707
214.101,22.7707
214.67,22.7707
215.239,22.7302
215.808,22.6897
216.378,22.6897
216.947,22.6897
217.516,22.6897
218.085,22.6897
218.655,22.6897
219.224,22.6492
219.793,22.6087
220.363,22.6087
220.932,22.6087
221.501,22.6087
222.07,22.6087
222.64,22.6087
223.209,22.5681
223.778,22.5276
224.347,22.5276
224.917,22.5276
225.486,22.5276
226.055,22.5276
226.624,22.5276
227.194,22.5276
227.763,22.4871
228.332,22.4871
228.901,22.4871
229.471,22.4871
230.04,22.4871
230.609,22.4871
231.179,22.4466
231.748,22.4466
232.317,22.4466
232.886,22.4466
233.456,22.4466
234.025,22.4466
343.892,18.4361
344.462,18.4361
345.031,18.4361
345.6,18.355
346.17,18.355
346.739,18.3145
347.308,18.274
347.877,18.274
348.447,18.2335
349.016,18.193
349.585,18.193
350.154,18.1525
350.724,18.112
351.293,18.112
351.862,18.0715
352.431,18.031
353.001,18.031
353.57,17.9904
354.139,17.9499
354.708,17.9499
355.278,17.9094
355.847,17.8689
356.416,17.8689
356.986,17.8284
357.555,17.8284
358.124,17.7879
358.693,17.7474
359.263,17.7474
359.832,17.6664
360.401,17.6664
360.97,17.6664
361.54,17.5853
362.109,17.5853
362.678,17.5853
363.247,17.5043
363.817,17.5043
364.386,17.5043
364.955,17.4233
365.524,17.4233
366.094,17.4233
366.663,17.3423
367.232,17.3423
412.204,14.6686
412.773,14.6686
413.342,14.5876
413.912,14.5876
414.481,14.5065
415.05,14.5065
415.62,14.5065
416.189,14.4255
416.758,14.4255
417.327,14.3445
417.897,14.3445
418.466,14.3445
419.035,14.2635
419.604,14.2635
420.174,14.1824
420.743,14.1824
421.312,14.1824
421.881,14.1014
422.451,14.1014
423.02,14.0204
423.589,14.0204
427.574,13.7773
428.143,13.7773
428.713,13.6963
429.282,13.6963
429.851,13.6153
430.42,13.6153
430.99,13.6153
431.559,13.5343
432.128,13.5343
432.697,13.4533
433.267,13.4533
433.836,13.4127
434.405,13.3722
434.974,13.3722
435.544,13.2912
436.113,13.2912
436.682,13.2102
437.251,13.2102
437.821,13.2102
438.39,13.1292
438.959,13.1292
439.529,13.0482
440.098,13.0482
440.667,13.0076
441.236,12.9671
441.806,12.9671
442.375,12.8861
442.944,12.8861
443.513,12.8051
444.083,12.8051
444.652,12.7646
445.221,12.7241
445.79,12.7241
446.36,12.643
446.929,12.643
447.498,12.562
448.067,12.562
448.637,12.5215
449.206,12.481
449.775,12.481
450.345,12.4
450.914,12.4
451.483,12.319
452.052,12.319
452.622,12.2784
453.191,12.2379
453.76,12.2379
454.329,12.1569
454.899,12.1569
455.468,12.0759
456.037,12.0759
456.606,11.9949
457.176,11.9949
478.808,10.8606
479.377,10.8606
479.946,10.7796
480.515,10.7796
481.085,10.6985
481.654,10.6985
482.223,10.6175
482.792,10.6175
483.362,10.5365
483.931,10.5365
484.5,10.496
485.07,10.4555
485.639,10.4555
486.208,10.3745
486.777,10.3745
487.347,10.2934
487.916,10.2934
488.485,10.2124
489.054,10.2124
489.624,10.1719
490.193,10.1314
490.762,10.0909
491.331,10.0504
491.901,10.0099
492.47,9.96935
493.039,9.92884
493.608,9.92884
494.178,9.84781
494.747,9.84781
495.316,9.76679
495.886,9.76679
496.455,9.68577
497.024,9.68577
497.593,9.60475
498.163,9.60475
498.732,9.56424
501.578,9.4022
502.147,9.32118
502.717,9.32118
503.286,9.24016
503.855,9.24016
504.424,9.19964
504.994,9.15913
505.563,9.11862
506.132,9.07811
506.701,9.07811
507.271,8.99709
507.84,8.99709
508.409,8.91607
508.979,8.91607
509.548,8.83505
510.117,8.83505
510.686,8.75403
511.256,8.75403
511.825,8.71352
512.394,8.67301
512.963,8.6325
513.533,8.59199
514.102,8.55148
514.671,8.51096
515.24,8.47045
515.81,8.42994
516.379,8.38943
516.948,8.34892
517.517,8.30841
518.087,8.30841
518.656,8.22739
519.225,8.22739
519.795,8.14637
520.364,8.14637
520.933,8.06535
521.502,8.06535
522.072,7.98433
522.641,7.98433
523.21,7.90331
523.779,7.90331
524.349,7.8628
524.918,7.82228
525.487,7.78177
526.056,7.74126
526.626,7.70075
527.195,7.66024
527.764,7.66024
528.333,7.57922
528.903,7.57922
529.472,7.4982
530.041,7.4982
530.611,7.45769
531.18,7.41718
531.749,7.37667
532.318,7.33616
532.888,7.29565
533.457,7.25514
534.026,7.25514
534.595,7.17411
535.165,7.17411
535.734,7.09309
536.303,7.09309
536.872,7.05258
537.442,7.01207
538.011,6.97156
538.58,6.93105
539.149,6.89054
539.719,6.85003
540.288,6.80952
540.857,6.76901
541.426,6.76901
541.996,6.68799
542.565,6.68799
543.134,6.64748
543.704,6.60697
544.273,6.56646
544.842,6.52595
545.411,6.48543
545.981,6.44492
546.55,6.44492
547.119,6.3639
547.688,6.3639
548.258,6.28288
548.827,6.28288
549.396,6.24237
549.965,6.20186
550.535,6.16135
551.104,6.12084
551.673,6.08033
552.242,6.03982
552.812,6.03982
553.381,5.9588
553.95,5.9588
554.52,5.87778
555.089,5.87778
555.658,5.83727
556.227,5.79675
556.797,5.75624
557.366,5.71573
557.935,5.67522
558.504,5.63471
559.074,5.63471
559.643,5.67522
560.212,5.67522
565.905,5.27012
566.474,5.14859
567.043,5.06756
567.613,5.06756
568.182,4.98654
568.751,4.94603
569.32,4.86501
569.89,4.86501
570.459,4.86501
571.028,4.8245
571.597,4.78399
572.167,4.74348
572.736,4.74348
573.305,4.66246
573.874,4.66246
574.444,4.58144
575.013,4.58144
575.582,4.50042
576.151,4.50042
576.721,4.45991
577.29,4.41939
577.859,4.37888
578.429,4.33837
578.998,4.29786
579.567,4.25735
580.136,4.21684
580.706,4.17633
581.275,4.17633
581.844,4.09531
582.413,4.09531
582.983,4.0548
583.552,4.01429
584.121,3.97378
584.69,3.93327
585.26,3.89276
585.829,3.85225
586.398,3.81174
586.967,3.77123
587.537,3.77123
588.106,3.6902
588.675,3.6902
589.245,3.60918
589.814,3.60918
590.383,3.56867
590.952,3.52816
591.522,3.48765
592.091,3.44714
592.66,3.40663
593.229,3.36612
593.799,3.32561
594.368,3.2851
594.937,3.2851
595.506,3.20408
596.076,3.20408
596.645,3.12306
597.214,3.12306
597.783,3.08254
598.353,3.04203
598.922,3.00152
599.491,2.96101
600.061,2.9205
600.63,2.87999
601.199,2.87999
601.768,2.79897
602.338,2.79897
602.907,2.71795
603.476,2.71795
604.045,2.63693
604.615,2.63693
605.184,2.59642
605.753,2.55591
606.322,2.5154
606.892,2.47489
607.461,2.43438
608.03,2.39386
608.599,2.35335
609.169,2.31284
609.738,2.31284
610.307,2.23182
610.876,2.23182
611.446,2.1508
612.015,2.1508
612.584,2.06978
613.154,1.98876
614.861,2.06978
615.431,1.90774
616,1.86723
616.569,1.82672
617.138,1.78621
617.708,1.7457
618.277,1.7457
618.846,1.66467
619.415,1.66467
619.985,1.58365
620.554,1.58365
621.123,1.50263
621.692,1.50263
622.262,1.42161
622.831,1.42161
623.4,1.3811
623.97,1.34059
624.539,1.30008
625.108,1.25957
625.677,1.21906
626.247,1.17855
626.816,1.13804
627.385,1.09753
627.954,1.09753
628.524,1.0165
629.093,1.0165
629.662,0.935483
630.231,0.935483
630.801,0.854462
631.37,0.854462
631.939,0.813952
632.508,0.773441
633.078,0.73293
633.647,0.69242
634.216,0.651909
634.786,0.611399
635.355,0.570888
635.924,0.530377
636.493,0.530377
637.063,0.449356
637.632,0.449356
638.201,0.368335
638.77,0.368335
639.34,0.287314
639.909,0.287314
640.478,0.206293
641.047,0.165782
641.617,0.125272
642.186,0.0442503
